DROP TABLE IF EXISTS product_group;
CREATE TABLE [product_group] (
[id] INTEGER  NULL PRIMARY KEY,
[name] TEXT  NULL
);
INSERT INTO "product_group" VALUES(1,'Frieten');
INSERT INTO "product_group" VALUES(2,'Koude Sauzen');
INSERT INTO "product_group" VALUES(3,'Warme Sauzen');
INSERT INTO "product_group" VALUES(4,'Eigen Bereidingen');
INSERT INTO "product_group" VALUES(5,'Hamburgers');
INSERT INTO "product_group" VALUES(6,'Dranken');
INSERT INTO "product_group" VALUES(7,'Snacks');
DROP TABLE IF EXISTS vatCode;
CREATE TABLE [vatCode] ([code] INTEGER PRIMARY KEY, [name] TEXT, [vatPct] REAL);
INSERT INTO "vatCode" VALUES(1,'21%',21.0);
INSERT INTO "vatCode" VALUES(2,'12%',12.0);
INSERT INTO "vatCode" VALUES(3,'6%',6.0);
DROP TABLE IF EXISTS screen_group;
CREATE TABLE [screen_group] (
[id] INTEGER  PRIMARY KEY NULL,
[name] NVARCHAR(150)  NULL,
[screenOrder] INTEGER  NULL
);
INSERT INTO "screen_group" VALUES(1,'Friet Saus',1);
INSERT INTO "screen_group" VALUES(2,'Snacks',2);
INSERT INTO "screen_group" VALUES(3,'Eigen ber. Hamb.',4);
INSERT INTO "screen_group" VALUES(4,'Dranken',3);
INSERT INTO "screen_group" VALUES(5,'Div',5);
INSERT INTO "screen_group" VALUES(6,'Menu''s',7);
INSERT INTO "screen_group" VALUES(7,'Gratis Saus',6);
DROP TABLE IF EXISTS ticketLine;
CREATE TABLE [ticketLine] (
[entryNo] INTEGER  PRIMARY KEY AUTOINCREMENT NOT NULL,
[ticketNo] INTEGER  NULL,
[productId] INTEGER  NULL,
[productName] TEXT  NULL,
[price] REAL  NULL,
[paid] INTEGER DEFAULT '''0''' NULL,
[eatInOut] NVARCHAR(1)  NULL,
[isOption] INTEGER DEFAULT '''0''' NULL,
[dateRegistered] TIMESTAMP  NULL,
[vatCode] INTEGER  NULL
, customerId integer, discountType integer);
INSERT INTO "ticketLine" VALUES(810,0,103,'FRIKANDEL SPECIAL',2.4,1,'O',0,'2011-07-20 11:28:48.343000',3,0,0);
INSERT INTO "ticketLine" VALUES(811,0,14,'CURRY KETCHUP',0.0,1,'O',1,'2011-07-20 11:28:49.359000',3,0,0);
INSERT INTO "ticketLine" VALUES(812,0,103,'FRIKANDEL SPECIAL',2.4,1,'O',0,'2011-07-20 11:28:49.968000',3,0,0);
INSERT INTO "ticketLine" VALUES(813,0,14,'CURRY KETCHUP',0.0,1,'O',1,'2011-07-20 11:28:50.562000',3,0,0);
INSERT INTO "ticketLine" VALUES(814,1,320,'BICKY',2.6,1,'O',0,'2011-07-20 11:37:48.328000',3,0,0);
INSERT INTO "ticketLine" VALUES(815,1,113,'VIANDELLE',1.7,1,'O',0,'2011-07-20 11:37:52.343000',3,0,0);
INSERT INTO "ticketLine" VALUES(816,1,104,'BOULETTE',1.6,1,'O',0,'2011-07-20 11:37:52.765000',3,0,0);
INSERT INTO "ticketLine" VALUES(817,1,8,'TARTARE',0.7,1,'O',0,'2011-07-20 11:37:54.500000',3,0,0);
INSERT INTO "ticketLine" VALUES(818,1,9999,'APART',0.0,1,'O',0,'2011-07-20 11:37:55.015000',0,0,0);
INSERT INTO "ticketLine" VALUES(819,2,2,'KLEIN',1.9,1,'I',0,'2011-07-20 12:12:50.437000',3,0,0);
INSERT INTO "ticketLine" VALUES(820,2,2,'KLEIN',1.9,1,'I',0,'2011-07-20 12:12:51.078000',3,0,0);
INSERT INTO "ticketLine" VALUES(821,2,7,'MAYONAISE',0.7,1,'I',0,'2011-07-20 12:12:56.625000',3,0,0);
INSERT INTO "ticketLine" VALUES(822,2,9999,'APART',0.0,1,'I',0,'2011-07-20 12:12:57.218000',0,0,0);
INSERT INTO "ticketLine" VALUES(823,2,313,'TOMATEN SAUS',1.4,1,'I',0,'2011-07-20 12:13:05.625000',2,0,0);
INSERT INTO "ticketLine" VALUES(824,2,9999,'APART',0.0,1,'I',0,'2011-07-20 12:13:06.562000',0,0,0);
INSERT INTO "ticketLine" VALUES(825,2,344,'WATER 50cl PLAT',1.8,1,'I',0,'2011-07-20 12:13:12.296000',1,0,0);
INSERT INTO "ticketLine" VALUES(827,2,36,'COCA COLA 33cl',1.5,1,'I',0,'2011-07-20 12:13:44.843000',1,0,0);
INSERT INTO "ticketLine" VALUES(828,3,124,'VLEESKROKET',1.5,1,'I',0,'2011-07-20 12:14:12.312000',2,0,0);
INSERT INTO "ticketLine" VALUES(829,4,4,'GROOT',2.5,1,'O',0,'2011-07-20 12:43:10.281000',3,0,0);
INSERT INTO "ticketLine" VALUES(830,5,2,'KLEIN',1.9,1,'O',0,'2011-07-20 12:55:28.109000',3,0,0);
INSERT INTO "ticketLine" VALUES(831,5,7,'MAYONAISE',0.7,1,'O',0,'2011-07-20 12:55:31.062000',3,0,0);
INSERT INTO "ticketLine" VALUES(832,5,9999,'APART',0.0,1,'O',0,'2011-07-20 12:55:31.546000',0,0,0);
INSERT INTO "ticketLine" VALUES(833,6,2,'KLEIN',1.9,1,'I',0,'2011-07-20 12:59:00.359000',3,0,0);
INSERT INTO "ticketLine" VALUES(834,6,126,'MEXICANO',2.0,1,'I',0,'2011-07-20 12:59:03.781000',3,0,0);
INSERT INTO "ticketLine" VALUES(835,6,11,'PILI PILI',0.7,1,'I',0,'2011-07-20 12:59:07.859000',3,0,0);
INSERT INTO "ticketLine" VALUES(836,6,9999,'APART',0.0,1,'I',0,'2011-07-20 12:59:08.265000',0,0,0);
INSERT INTO "ticketLine" VALUES(837,6,20,'ANDALOUSE',0.7,1,'I',0,'2011-07-20 12:59:09.312000',3,0,0);
INSERT INTO "ticketLine" VALUES(838,6,9999,'APART',0.0,1,'I',0,'2011-07-20 12:59:09.718000',0,0,0);
INSERT INTO "ticketLine" VALUES(839,6,36,'COCA COLA 33cl',1.5,1,'I',0,'2011-07-20 12:59:12.296000',3,0,0);
INSERT INTO "ticketLine" VALUES(840,7,2,'KLEIN',1.9,1,'O',0,'2011-07-20 12:59:41.171000',3,0,0);
INSERT INTO "ticketLine" VALUES(841,7,2,'KLEIN',1.9,1,'O',0,'2011-07-20 12:59:41.359000',3,0,0);
INSERT INTO "ticketLine" VALUES(842,7,2,'KLEIN',1.9,1,'O',0,'2011-07-20 12:59:41.562000',3,0,0);
INSERT INTO "ticketLine" VALUES(843,7,320,'BICKY',2.6,1,'O',0,'2011-07-20 12:59:44.671000',3,0,0);
INSERT INTO "ticketLine" VALUES(844,7,309,'KIPPEBOUT SATE',2.5,1,'O',0,'2011-07-20 12:59:47.718000',3,0,0);
INSERT INTO "ticketLine" VALUES(845,7,104,'BOULETTE',1.6,1,'O',0,'2011-07-20 12:59:49.515000',3,0,0);
INSERT INTO "ticketLine" VALUES(846,7,103,'FRIKANDEL SPECIAL',2.4,1,'O',0,'2011-07-20 12:59:51.718000',3,0,0);
INSERT INTO "ticketLine" VALUES(847,7,13,'KETCHUP',0.0,1,'O',1,'2011-07-20 12:59:52.437000',3,0,0);
INSERT INTO "ticketLine" VALUES(848,7,308,'SATE GROOT',3.0,1,'O',0,'2011-07-20 13:00:00.406000',3,0,0);
INSERT INTO "ticketLine" VALUES(849,7,9999,'MET KRUIDEN',0.0,1,'O',1,'2011-07-20 13:00:06.250000',0,0,0);
INSERT INTO "ticketLine" VALUES(850,7,106,'BITTERBAL 5st',1.4,1,'O',0,'2011-07-20 13:00:11.828000',3,0,0);
INSERT INTO "ticketLine" VALUES(851,7,113,'VIANDELLE',1.7,1,'O',0,'2011-07-20 13:00:17.265000',3,0,0);
INSERT INTO "ticketLine" VALUES(852,7,14,'CURRY KETCHUP',0.7,1,'O',0,'2011-07-20 13:00:23.125000',3,0,0);
INSERT INTO "ticketLine" VALUES(853,7,20,'ANDALOUSE',0.7,1,'O',0,'2011-07-20 13:00:26.656000',3,0,0);
INSERT INTO "ticketLine" VALUES(854,7,20,'ANDALOUSE',0.7,1,'O',0,'2011-07-20 13:00:26.859000',3,0,0);
INSERT INTO "ticketLine" VALUES(855,7,32,'BICKY SAUS',0.7,1,'O',0,'2011-07-20 13:00:37.593000',3,0,0);
INSERT INTO "ticketLine" VALUES(856,7,26,'BRASIL',0.7,1,'O',0,'2011-07-20 13:00:40.593000',3,0,0);
INSERT INTO "ticketLine" VALUES(857,8,3,'MIDDEN',2.1,1,'O',0,'2011-07-20 13:03:47.093000',3,0,0);
INSERT INTO "ticketLine" VALUES(858,8,20,'ANDALOUSE',0.7,1,'O',0,'2011-07-20 13:03:50.703000',3,0,0);
INSERT INTO "ticketLine" VALUES(859,8,9999,'APART',0.0,1,'O',0,'2011-07-20 13:03:51.093000',0,0,0);
INSERT INTO "ticketLine" VALUES(860,8,328,'GIANT BARON',3.8,1,'O',0,'2011-07-20 13:04:01.656000',3,0,0);
INSERT INTO "ticketLine" VALUES(861,9,3,'MIDDEN',2.1,2,'O',0,'2011-07-20 13:05:25.031000',3,0,0);
INSERT INTO "ticketLine" VALUES(862,9,102,'FRIKANDEL',1.4,2,'O',0,'2011-07-20 13:05:28.453000',3,0,0);
INSERT INTO "ticketLine" VALUES(863,9,102,'FRIKANDEL',1.4,2,'O',0,'2011-07-20 13:05:28.937000',3,0,0);
INSERT INTO "ticketLine" VALUES(864,9,21,'AMERICAIN MAISON (Gewoon)',0.7,2,'O',0,'2011-07-20 13:05:31.828000',3,0,0);
INSERT INTO "ticketLine" VALUES(865,9,9999,'APART',0.0,2,'O',0,'2011-07-20 13:05:32.312000',0,0,0);
INSERT INTO "ticketLine" VALUES(866,10,48,'JUPILER 33cl',1.6,1,'O',0,'2011-07-20 13:14:16.593000',1,0,0);
INSERT INTO "ticketLine" VALUES(867,10,2,'KLEIN',1.9,1,'O',0,'2011-07-20 13:14:21.109000',3,0,0);
INSERT INTO "ticketLine" VALUES(868,10,307,'SATE KLEIN',2.5,1,'O',0,'2011-07-20 13:14:24.687000',3,0,0);
INSERT INTO "ticketLine" VALUES(869,10,9999,'ZONDER KRUIDEN',0.0,1,'O',1,'2011-07-20 13:14:25.906000',0,0,0);
INSERT INTO "ticketLine" VALUES(870,10,20,'ANDALOUSE',0.7,1,'O',0,'2011-07-20 13:14:27.859000',3,0,0);
INSERT INTO "ticketLine" VALUES(871,11,102,'FRIKANDEL',1.4,1,'O',0,'2011-07-20 13:15:24.640000',3,0,0);
INSERT INTO "ticketLine" VALUES(872,12,339,'HOT TWISTER',2.2,1,'I',0,'2011-07-20 13:18:34.859000',3,0,0);
INSERT INTO "ticketLine" VALUES(873,12,1,'MINI',1.7,1,'I',0,'2011-07-20 13:18:37.953000',3,0,0);
INSERT INTO "ticketLine" VALUES(874,12,312,'STOOFVLEES SAUS',1.4,1,'I',0,'2011-07-20 13:18:39.671000',3,0,0);
INSERT INTO "ticketLine" VALUES(875,12,37,'COLA LIGHT 33cl',1.5,1,'I',0,'2011-07-20 13:18:50.453000',1,0,0);
INSERT INTO "ticketLine" VALUES(876,13,3,'MIDDEN',2.1,1,'I',0,'2011-07-20 13:36:12.890000',3,0,0);
INSERT INTO "ticketLine" VALUES(877,13,8,'TARTARE',0.7,1,'I',0,'2011-07-20 13:36:15.156000',3,0,0);
INSERT INTO "ticketLine" VALUES(878,13,9999,'APART',0.0,1,'I',0,'2011-07-20 13:36:15.687000',0,0,0);
INSERT INTO "ticketLine" VALUES(879,13,308,'SATE GROOT',3.0,1,'I',0,'2011-07-20 13:36:25.406000',3,0,0);
INSERT INTO "ticketLine" VALUES(880,13,36,'COCA COLA 33cl',1.5,1,'I',0,'2011-07-20 13:36:42.609000',1,0,0);
INSERT INTO "ticketLine" VALUES(881,14,2,'KLEIN',1.9,1,'O',0,'2011-07-20 13:44:54.281000',3,0,0);
INSERT INTO "ticketLine" VALUES(882,14,102,'FRIKANDEL',1.4,1,'O',0,'2011-07-20 13:44:56.625000',3,0,0);
INSERT INTO "ticketLine" VALUES(883,14,20,'ANDALOUSE',0.7,1,'O',0,'2011-07-20 13:44:59.484000',3,0,0);
INSERT INTO "ticketLine" VALUES(884,14,9999,'APART',0.0,1,'O',0,'2011-07-20 13:44:59.906000',0,0,0);
INSERT INTO "ticketLine" VALUES(885,15,2,'KLEIN',1.9,1,'O',0,'2011-07-20 14:25:36.218000',3,0,0);
INSERT INTO "ticketLine" VALUES(886,15,20,'ANDALOUSE',0.7,1,'O',0,'2011-07-20 14:25:41.578000',3,0,0);
INSERT INTO "ticketLine" VALUES(887,15,20,'ANDALOUSE',0.7,1,'O',0,'2011-07-20 14:25:41.765000',3,0,0);
INSERT INTO "ticketLine" VALUES(888,16,4,'GROOT',2.5,1,'O',0,'2011-07-20 14:33:15.625000',3,0,0);
INSERT INTO "ticketLine" VALUES(889,16,113,'VIANDELLE',1.7,1,'O',0,'2011-07-20 14:33:20.125000',3,0,0);
INSERT INTO "ticketLine" VALUES(890,16,121,'KIPCORN',1.7,1,'O',0,'2011-07-20 14:33:23.500000',3,0,0);
INSERT INTO "ticketLine" VALUES(891,16,123,'MINI LOEMPIA 6st',2.5,1,'O',0,'2011-07-20 14:33:27.546000',3,0,0);
INSERT INTO "ticketLine" VALUES(892,16,35,'PORTIE SPECIAAL',1.2,1,'O',0,'2011-07-20 14:33:33.468000',3,0,0);
INSERT INTO "ticketLine" VALUES(893,16,20,'ANDALOUSE',0.7,1,'O',0,'2011-07-20 14:33:36.531000',3,0,0);
INSERT INTO "ticketLine" VALUES(894,17,125,'MITRAILLETTE',3.3,1,'O',0,'2011-07-20 14:39:26',3,0,0);
INSERT INTO "ticketLine" VALUES(895,17,20,'ANDALOUSE',0.0,1,'O',1,'2011-07-20 14:39:29.531000',3,0,0);
INSERT INTO "ticketLine" VALUES(896,17,101,'HAMBURGER',1.4,1,'O',0,'2011-07-20 14:39:32.015000',3,0,0);
INSERT INTO "ticketLine" VALUES(897,17,2,'KLEIN',1.9,1,'O',0,'2011-07-20 14:40:42.343000',3,0,0);
INSERT INTO "ticketLine" VALUES(898,17,23,'SAMURAI',0.7,1,'O',0,'2011-07-20 14:41:02.296000',3,0,0);
INSERT INTO "ticketLine" VALUES(899,18,328,'GIANT BARON',3.8,1,'I',0,'2011-07-20 14:50:33.375000',3,0,0);
INSERT INTO "ticketLine" VALUES(900,18,3,'MIDDEN',2.1,1,'I',0,'2011-07-20 14:50:44.062000',3,0,0);
INSERT INTO "ticketLine" VALUES(901,18,312,'STOOFVLEES SAUS',1.4,1,'I',0,'2011-07-20 14:50:45.640000',3,0,0);
INSERT INTO "ticketLine" VALUES(902,18,113,'VIANDELLE',1.7,1,'I',0,'2011-07-20 14:50:52.468000',3,0,0);
INSERT INTO "ticketLine" VALUES(903,18,126,'MEXICANO',2.0,1,'I',0,'2011-07-20 14:50:53.125000',3,0,0);
INSERT INTO "ticketLine" VALUES(904,18,7,'MAYONAISE',0.7,1,'I',0,'2011-07-20 14:51:05.234000',3,0,0);
INSERT INTO "ticketLine" VALUES(905,18,9999,'APART',0.0,1,'I',0,'2011-07-20 14:51:05.937000',0,0,0);
INSERT INTO "ticketLine" VALUES(906,18,36,'COCA COLA 33cl',1.5,1,'I',0,'2011-07-20 14:51:07.140000',3,0,0);
INSERT INTO "ticketLine" VALUES(907,19,328,'GIANT BARON',3.8,1,'O',0,'2011-07-20 16:26:18.796000',3,0,0);
INSERT INTO "ticketLine" VALUES(908,19,2,'KLEIN',1.9,1,'O',0,'2011-07-20 16:26:21.203000',3,0,0);
INSERT INTO "ticketLine" VALUES(909,19,23,'SAMURAI',0.7,1,'O',0,'2011-07-20 16:26:24.062000',3,0,0);
INSERT INTO "ticketLine" VALUES(910,19,344,'WATER 50cl PLAT',1.8,1,'O',0,'2011-07-20 16:26:33.453000',3,0,0);
INSERT INTO "ticketLine" VALUES(911,20,344,'WATER 50cl PLAT',-1.8,1,'O',0,'2011-07-20 16:33:48.468000',3,0,0);
INSERT INTO "ticketLine" VALUES(913,21,308,'SATE GROOT',3.0,1,'O',0,'2011-07-20 17:02:36.859000',3,0,0);
INSERT INTO "ticketLine" VALUES(914,21,9999,'ZONDER KRUIDEN',0.0,1,'O',1,'2011-07-20 17:02:38.218000',0,0,0);
INSERT INTO "ticketLine" VALUES(915,21,118,'SITO GOLD',2.7,1,'O',0,'2011-07-20 17:02:43.171000',3,0,0);
INSERT INTO "ticketLine" VALUES(916,21,4,'GROOT',2.5,1,'O',0,'2011-07-20 17:02:47.078000',3,0,0);
INSERT INTO "ticketLine" VALUES(917,21,8,'TARTARE',0.7,1,'O',0,'2011-07-20 17:02:56.406000',3,0,0);
INSERT INTO "ticketLine" VALUES(918,21,19,'ZIGEUNER/ PROV',0.7,1,'O',0,'2011-07-20 17:02:59.484000',3,0,0);
INSERT INTO "ticketLine" VALUES(919,21,146,'MOSSELEN ZUUR',3.2,1,'O',0,'2011-07-20 17:03:06.281000',3,0,0);
INSERT INTO "ticketLine" VALUES(920,21,48,'JUPILER 33cl',1.6,1,'O',0,'2011-07-20 17:03:23.390000',1,0,0);
INSERT INTO "ticketLine" VALUES(921,21,235,'SPRITE 50cl',2.0,1,'O',0,'2011-07-20 17:03:33.203000',3,0,0);
INSERT INTO "ticketLine" VALUES(922,22,2,'KLEIN',1.9,1,'I',0,'2011-07-20 17:20:29.468000',3,0,0);
INSERT INTO "ticketLine" VALUES(923,22,102,'FRIKANDEL',1.4,1,'I',0,'2011-07-20 17:20:47.890000',3,0,0);
INSERT INTO "ticketLine" VALUES(924,22,20,'ANDALOUSE',0.7,1,'I',0,'2011-07-20 17:20:51.625000',3,0,0);
INSERT INTO "ticketLine" VALUES(925,23,42,'ICE TEA',1.6,1,'O',0,'2011-07-20 17:46:36.812000',3,0,0);
INSERT INTO "ticketLine" VALUES(926,24,3,'MIDDEN',2.1,1,'O',0,'2011-07-20 17:48:14.703000',3,0,0);
INSERT INTO "ticketLine" VALUES(927,24,102,'FRIKANDEL',1.4,1,'O',0,'2011-07-20 17:48:16.812000',3,0,0);
INSERT INTO "ticketLine" VALUES(928,24,320,'BICKY',2.6,1,'O',0,'2011-07-20 17:48:40.562000',3,0,0);
INSERT INTO "ticketLine" VALUES(929,25,7,'MAYONAISE',0.7,1,'O',0,'2011-07-20 17:53:26.546000',3,0,0);
INSERT INTO "ticketLine" VALUES(930,25,13,'KETCHUP',0.7,1,'O',0,'2011-07-20 17:53:27.109000',3,0,0);
INSERT INTO "ticketLine" VALUES(931,26,4,'GROOT',2.5,1,'O',0,'2011-07-20 17:55:30',3,0,0);
INSERT INTO "ticketLine" VALUES(932,26,8,'TARTARE',0.7,1,'O',0,'2011-07-20 17:55:52.921000',3,0,0);
INSERT INTO "ticketLine" VALUES(933,27,320,'BICKY',2.6,1,'O',0,'2011-07-20 18:11:34.093000',3,0,0);
INSERT INTO "ticketLine" VALUES(934,27,110,'BOULET MAISON',2.2,1,'O',0,'2011-07-20 18:11:42.015000',3,0,0);
INSERT INTO "ticketLine" VALUES(935,27,23,'SAMURAI',0.7,1,'O',0,'2011-07-20 18:11:47.046000',3,0,0);
INSERT INTO "ticketLine" VALUES(936,27,301,'STOOFVLEES',3.5,1,'O',0,'2011-07-20 18:11:49.687000',3,0,0);
INSERT INTO "ticketLine" VALUES(937,27,332,'BICKY FRIET',3.0,1,'O',0,'2011-07-20 18:11:55.593000',3,0,0);
INSERT INTO "ticketLine" VALUES(938,27,4,'GROOT',2.5,1,'O',0,'2011-07-20 18:12:08.421000',3,0,0);
INSERT INTO "ticketLine" VALUES(939,28,320,'BICKY',2.6,1,'O',0,'2011-07-20 18:21:47.234000',3,0,0);
INSERT INTO "ticketLine" VALUES(940,28,320,'BICKY',2.6,1,'O',0,'2011-07-20 18:21:47.515000',3,0,0);
INSERT INTO "ticketLine" VALUES(941,28,320,'BICKY',2.6,1,'O',0,'2011-07-20 18:21:55.484000',3,0,0);
INSERT INTO "ticketLine" VALUES(942,28,135,'KIPPETS',2.7,1,'O',0,'2011-07-20 18:22:05.406000',3,0,0);
INSERT INTO "ticketLine" VALUES(943,28,111,'RIBSTER',2.3,1,'O',0,'2011-07-20 18:22:17.031000',3,0,0);
INSERT INTO "ticketLine" VALUES(944,28,3,'MIDDEN',2.1,1,'O',0,'2011-07-20 18:22:21.875000',3,0,0);
INSERT INTO "ticketLine" VALUES(945,28,36,'COCA COLA 33cl',1.5,1,'O',0,'2011-07-20 18:22:26.656000',3,0,0);
INSERT INTO "ticketLine" VALUES(946,28,20,'ANDALOUSE',0.7,1,'O',0,'2011-07-20 18:22:29.484000',3,0,0);
INSERT INTO "ticketLine" VALUES(947,29,2,'KLEIN',1.9,1,'O',0,'2011-07-20 18:37:31.250000',3,0,0);
INSERT INTO "ticketLine" VALUES(948,29,3,'MIDDEN',2.1,1,'O',0,'2011-07-20 18:37:32.796000',3,0,0);
INSERT INTO "ticketLine" VALUES(949,29,3,'MIDDEN',2.1,1,'O',0,'2011-07-20 18:37:33.015000',3,0,0);
INSERT INTO "ticketLine" VALUES(950,29,320,'BICKY',2.6,1,'O',0,'2011-07-20 18:37:36.875000',3,0,0);
INSERT INTO "ticketLine" VALUES(951,29,320,'BICKY',2.6,1,'O',0,'2011-07-20 18:37:37.109000',3,0,0);
INSERT INTO "ticketLine" VALUES(952,29,320,'BICKY',2.6,1,'O',0,'2011-07-20 18:37:37.328000',3,0,0);
INSERT INTO "ticketLine" VALUES(953,29,14,'CURRY KETCHUP',0.7,1,'O',0,'2011-07-20 18:37:51.390000',3,0,0);
INSERT INTO "ticketLine" VALUES(954,29,10,'PICKLES',0.7,1,'O',0,'2011-07-20 18:37:54.671000',3,0,0);
INSERT INTO "ticketLine" VALUES(955,29,20,'ANDALOUSE',0.7,1,'O',0,'2011-07-20 18:38:03.171000',3,0,0);
INSERT INTO "ticketLine" VALUES(956,30,4,'GROOT',2.5,1,'O',0,'2011-07-20 18:44:47.734000',3,0,0);
INSERT INTO "ticketLine" VALUES(957,30,4,'GROOT',2.5,1,'O',0,'2011-07-20 18:44:47.968000',3,0,0);
INSERT INTO "ticketLine" VALUES(958,31,123,'MINI LOEMPIA 6st',2.5,1,'O',0,'2011-07-20 18:46:18.203000',3,0,0);
INSERT INTO "ticketLine" VALUES(959,31,307,'SATE KLEIN',2.5,1,'O',0,'2011-07-20 18:46:21.109000',3,0,0);
INSERT INTO "ticketLine" VALUES(960,31,9999,'ZONDER KRUIDEN',0.0,1,'O',1,'2011-07-20 18:46:22.156000',0,0,0);
INSERT INTO "ticketLine" VALUES(961,31,307,'SATE KLEIN',2.5,1,'O',0,'2011-07-20 18:46:22.843000',3,0,0);
INSERT INTO "ticketLine" VALUES(962,31,9999,'ZONDER KRUIDEN',0.0,1,'O',1,'2011-07-20 18:46:23.375000',0,0,0);
INSERT INTO "ticketLine" VALUES(963,31,307,'SATE KLEIN',2.5,1,'O',0,'2011-07-20 18:46:23.828000',3,0,0);
INSERT INTO "ticketLine" VALUES(964,31,9999,'ZONDER KRUIDEN',0.0,1,'O',1,'2011-07-20 18:46:24.546000',0,0,0);
INSERT INTO "ticketLine" VALUES(965,31,124,'VLEESKROKET',1.5,1,'O',0,'2011-07-20 18:46:39.828000',3,0,0);
INSERT INTO "ticketLine" VALUES(966,31,124,'VLEESKROKET',1.5,1,'O',0,'2011-07-20 18:46:48.781000',3,0,0);
INSERT INTO "ticketLine" VALUES(967,31,103,'FRIKANDEL SPECIAL',2.4,1,'O',0,'2011-07-20 18:46:51.250000',3,0,0);
INSERT INTO "ticketLine" VALUES(968,31,14,'CURRY KETCHUP',0.0,1,'O',1,'2011-07-20 18:46:52.250000',3,0,0);
INSERT INTO "ticketLine" VALUES(969,31,3,'MIDDEN',2.1,1,'O',0,'2011-07-20 18:46:56',3,0,0);
INSERT INTO "ticketLine" VALUES(970,31,2,'KLEIN',1.9,1,'O',0,'2011-07-20 18:46:56.750000',3,0,0);
INSERT INTO "ticketLine" VALUES(971,31,2,'KLEIN',1.9,1,'O',0,'2011-07-20 18:46:57.312000',3,0,0);
INSERT INTO "ticketLine" VALUES(972,31,301,'STOOFVLEES',3.5,1,'O',0,'2011-07-20 18:47:01.437000',3,0,0);
INSERT INTO "ticketLine" VALUES(974,31,8,'TARTARE',0.7,1,'O',0,'2011-07-20 18:47:07.843000',3,0,0);
INSERT INTO "ticketLine" VALUES(975,31,9999,'APART',0.0,1,'O',0,'2011-07-20 18:47:08.375000',0,0,0);
INSERT INTO "ticketLine" VALUES(977,31,20,'ANDALOUSE',0.7,1,'O',0,'2011-07-20 18:47:13.062000',3,0,0);
INSERT INTO "ticketLine" VALUES(978,31,9999,'APART',0.0,1,'O',0,'2011-07-20 18:47:13.593000',0,0,0);
INSERT INTO "ticketLine" VALUES(979,31,20,'ANDALOUSE',0.7,1,'O',0,'2011-07-20 18:47:14.046000',3,0,0);
INSERT INTO "ticketLine" VALUES(980,31,9999,'APART',0.0,1,'O',0,'2011-07-20 18:47:14.437000',0,0,0);
INSERT INTO "ticketLine" VALUES(981,31,7,'MAYONAISE',0.7,1,'O',0,'2011-07-20 18:47:14.906000',3,0,0);
INSERT INTO "ticketLine" VALUES(982,31,9999,'APART',0.0,1,'O',0,'2011-07-20 18:47:15.187000',0,0,0);
INSERT INTO "ticketLine" VALUES(983,32,4,'GROOT',2.5,1,'O',0,'2011-07-20 19:00:17.484000',3,0,0);
INSERT INTO "ticketLine" VALUES(984,32,4,'GROOT',2.5,1,'O',0,'2011-07-20 19:00:18.531000',3,0,0);
INSERT INTO "ticketLine" VALUES(985,32,4,'GROOT',2.5,1,'O',0,'2011-07-20 19:00:19.140000',3,0,0);
INSERT INTO "ticketLine" VALUES(986,32,3,'MIDDEN',2.1,1,'O',0,'2011-07-20 19:00:19.734000',3,0,0);
INSERT INTO "ticketLine" VALUES(987,32,105,'BOULETTE SPECIAL',2.6,1,'O',0,'2011-07-20 19:00:27.718000',3,0,0);
INSERT INTO "ticketLine" VALUES(988,32,14,'CURRY KETCHUP',0.0,1,'O',1,'2011-07-20 19:00:29.718000',3,0,0);
INSERT INTO "ticketLine" VALUES(989,32,113,'VIANDELLE',1.7,1,'O',0,'2011-07-20 19:00:31.765000',3,0,0);
INSERT INTO "ticketLine" VALUES(990,32,104,'BOULETTE',1.6,1,'O',0,'2011-07-20 19:00:35.468000',3,0,0);
INSERT INTO "ticketLine" VALUES(991,32,104,'BOULETTE',1.6,1,'O',0,'2011-07-20 19:00:35.968000',3,0,0);
INSERT INTO "ticketLine" VALUES(992,32,103,'FRIKANDEL SPECIAL',2.4,1,'O',0,'2011-07-20 19:00:38.781000',3,0,0);
INSERT INTO "ticketLine" VALUES(993,32,14,'CURRY KETCHUP',0.0,1,'O',1,'2011-07-20 19:00:39.671000',3,0,0);
INSERT INTO "ticketLine" VALUES(994,32,308,'SATE GROOT',3.0,1,'O',0,'2011-07-20 19:00:57.375000',3,0,0);
INSERT INTO "ticketLine" VALUES(995,32,9999,'MET KRUIDEN',0.0,1,'O',1,'2011-07-20 19:01:02.078000',0,0,0);
INSERT INTO "ticketLine" VALUES(996,32,8,'TARTARE',0.7,1,'O',0,'2011-07-20 19:01:10.937000',3,0,0);
INSERT INTO "ticketLine" VALUES(997,32,8,'TARTARE',0.7,1,'O',0,'2011-07-20 19:01:11.781000',3,0,0);
INSERT INTO "ticketLine" VALUES(998,33,103,'FRIKANDEL SPECIAL',2.4,1,'O',0,'2011-07-20 19:07:54.718000',3,0,0);
INSERT INTO "ticketLine" VALUES(999,33,14,'CURRY KETCHUP',0.0,1,'O',1,'2011-07-20 19:07:57.390000',3,0,0);
INSERT INTO "ticketLine" VALUES(1000,33,2,'KLEIN',1.9,1,'O',0,'2011-07-20 19:08:00.328000',3,0,0);
INSERT INTO "ticketLine" VALUES(1001,33,320,'BICKY',2.6,1,'O',0,'2011-07-20 19:08:03.421000',3,0,0);
INSERT INTO "ticketLine" VALUES(1002,34,309,'KIPPEBOUT SATE',2.5,1,'O',0,'2011-07-20 19:12:43.234000',3,0,0);
INSERT INTO "ticketLine" VALUES(1003,34,102,'FRIKANDEL',1.4,1,'O',0,'2011-07-20 19:12:47.187000',3,0,0);
INSERT INTO "ticketLine" VALUES(1004,34,102,'FRIKANDEL',1.4,1,'O',0,'2011-07-20 19:12:47.468000',3,0,0);
INSERT INTO "ticketLine" VALUES(1005,34,3,'MIDDEN',2.1,1,'O',0,'2011-07-20 19:12:49.046000',3,0,0);
INSERT INTO "ticketLine" VALUES(1006,34,8,'TARTARE',0.7,1,'O',0,'2011-07-20 19:12:53.312000',3,0,0);
INSERT INTO "ticketLine" VALUES(1007,34,20,'ANDALOUSE',0.7,1,'O',0,'2011-07-20 19:12:53.875000',3,0,0);
INSERT INTO "ticketLine" VALUES(1008,35,4,'GROOT',2.5,1,'O',0,'2011-07-20 19:28:10.359000',3,56,0);
INSERT INTO "ticketLine" VALUES(1009,35,102,'FRIKANDEL',1.4,1,'O',0,'2011-07-20 19:28:16.453000',3,56,0);
INSERT INTO "ticketLine" VALUES(1010,35,308,'SATE GROOT',3.0,1,'O',0,'2011-07-20 19:28:19.640000',3,56,0);
INSERT INTO "ticketLine" VALUES(1011,35,9999,'ZONDER KRUIDEN',0.0,1,'O',1,'2011-07-20 19:28:20.765000',0,56,0);
INSERT INTO "ticketLine" VALUES(1012,35,102,'FRIKANDEL',1.4,1,'O',0,'2011-07-20 19:28:23.937000',3,56,0);
INSERT INTO "ticketLine" VALUES(1013,35,307,'SATE KLEIN',2.5,1,'O',0,'2011-07-20 19:28:25.656000',3,56,0);
INSERT INTO "ticketLine" VALUES(1014,35,9999,'ZONDER KRUIDEN',0.0,1,'O',1,'2011-07-20 19:28:28.078000',0,56,0);
INSERT INTO "ticketLine" VALUES(1015,35,127,'CHIXFINGERS',2.7,1,'O',0,'2011-07-20 19:28:30.703000',3,56,0);
INSERT INTO "ticketLine" VALUES(1016,36,2,'KLEIN',1.9,1,'I',0,'2011-07-20 19:41:34.859000',3,0,0);
INSERT INTO "ticketLine" VALUES(1017,36,2,'KLEIN',1.9,1,'I',0,'2011-07-20 19:41:35.125000',3,0,0);
INSERT INTO "ticketLine" VALUES(1018,36,114,'LOOKWORST',1.7,1,'I',0,'2011-07-20 19:41:39.937000',3,0,0);
INSERT INTO "ticketLine" VALUES(1019,36,9999,'GEBAKKEN',0.0,1,'I',1,'2011-07-20 19:41:40.734000',0,0,0);
INSERT INTO "ticketLine" VALUES(1020,36,320,'BICKY',2.6,1,'I',0,'2011-07-20 19:41:43.187000',3,0,0);
INSERT INTO "ticketLine" VALUES(1021,36,29,'COCKTAIL',0.7,1,'I',0,'2011-07-20 19:41:48.359000',3,0,0);
INSERT INTO "ticketLine" VALUES(1022,36,26,'BRASIL',0.7,1,'I',0,'2011-07-20 19:42:00.031000',3,0,0);
INSERT INTO "ticketLine" VALUES(1023,36,42,'ICE TEA',1.6,1,'I',0,'2011-07-20 19:42:23.625000',3,0,0);
INSERT INTO "ticketLine" VALUES(1024,36,42,'ICE TEA',1.6,1,'I',0,'2011-07-20 19:42:23.890000',3,0,0);
INSERT INTO "ticketLine" VALUES(1025,36,3,'MIDDEN',2.1,1,'I',0,'2011-07-20 19:42:29.890000',3,0,0);
INSERT INTO "ticketLine" VALUES(1026,36,3,'MIDDEN',2.1,1,'I',0,'2011-07-20 19:42:32.421000',3,0,0);
INSERT INTO "ticketLine" VALUES(1027,36,308,'SATE GROOT',3.0,1,'I',0,'2011-07-20 19:42:38.531000',3,0,0);
INSERT INTO "ticketLine" VALUES(1028,36,9999,'MET KRUIDEN',0.0,1,'I',1,'2011-07-20 19:42:40.625000',0,0,0);
INSERT INTO "ticketLine" VALUES(1029,36,339,'HOT TWISTER',2.2,1,'I',0,'2011-07-20 19:42:48.875000',3,0,0);
INSERT INTO "ticketLine" VALUES(1030,36,114,'LOOKWORST',1.7,1,'I',0,'2011-07-20 19:42:52.687000',3,0,0);
INSERT INTO "ticketLine" VALUES(1031,36,9999,'GEBAKKEN',0.0,1,'I',1,'2011-07-20 19:42:53.656000',0,0,0);
INSERT INTO "ticketLine" VALUES(1032,36,23,'SAMURAI',0.7,1,'I',0,'2011-07-20 19:42:58.734000',3,0,0);
INSERT INTO "ticketLine" VALUES(1033,36,126,'MEXICANO',2.0,1,'I',0,'2011-07-20 19:43:04.218000',3,0,0);
INSERT INTO "ticketLine" VALUES(1034,36,20,'ANDALOUSE',0.7,1,'I',0,'2011-07-20 19:43:05.828000',3,0,0);
INSERT INTO "ticketLine" VALUES(1035,36,37,'COLA LIGHT 33cl',1.5,1,'I',0,'2011-07-20 19:43:32.625000',3,0,0);
INSERT INTO "ticketLine" VALUES(1036,36,41,'SPRITE 33cl',1.5,1,'I',0,'2011-07-20 19:43:33.640000',3,0,0);
INSERT INTO "ticketLine" VALUES(1037,37,2,'KLEIN',1.9,1,'O',0,'2011-07-20 19:44:19.062000',3,57,0);
INSERT INTO "ticketLine" VALUES(1038,37,309,'KIPPEBOUT SATE',2.5,1,'O',0,'2011-07-20 19:44:23.046000',3,57,0);
INSERT INTO "ticketLine" VALUES(1039,37,118,'SITO GOLD',2.7,1,'O',0,'2011-07-20 19:44:31.468000',3,57,0);
INSERT INTO "ticketLine" VALUES(1040,37,20,'ANDALOUSE',0.7,1,'O',0,'2011-07-20 19:44:38.609000',3,57,0);
INSERT INTO "ticketLine" VALUES(1041,37,24,'ARDEENSE SAUS',0.7,1,'O',0,'2011-07-20 19:44:42.656000',3,57,0);
INSERT INTO "ticketLine" VALUES(1042,37,43,'TROPICO',1.6,1,'O',0,'2011-07-20 19:44:47.031000',3,57,0);
INSERT INTO "ticketLine" VALUES(1043,38,2,'KLEIN',1.9,1,'O',0,'2011-07-20 19:45:23.171000',3,0,0);
INSERT INTO "ticketLine" VALUES(1044,38,20,'ANDALOUSE',0.7,1,'O',0,'2011-07-20 19:45:23.687000',3,0,0);
INSERT INTO "ticketLine" VALUES(1045,38,308,'SATE GROOT',3.0,1,'O',0,'2011-07-20 19:45:27.640000',3,0,0);
INSERT INTO "ticketLine" VALUES(1046,38,9999,'MET KRUIDEN',0.0,1,'O',1,'2011-07-20 19:45:28.937000',0,0,0);
INSERT INTO "ticketLine" VALUES(1047,38,103,'FRIKANDEL SPECIAL',2.4,1,'O',0,'2011-07-20 19:45:34.562000',3,0,0);
INSERT INTO "ticketLine" VALUES(1048,38,14,'CURRY KETCHUP',0.0,1,'O',1,'2011-07-20 19:45:37.937000',3,0,0);
INSERT INTO "ticketLine" VALUES(1049,38,320,'BICKY',2.6,1,'O',0,'2011-07-20 19:45:43.328000',3,0,0);
INSERT INTO "ticketLine" VALUES(1050,39,3,'MIDDEN',2.1,1,'I',0,'2011-07-20 19:52:49.250000',3,0,0);
INSERT INTO "ticketLine" VALUES(1051,39,2,'KLEIN',1.9,1,'I',0,'2011-07-20 19:52:49.937000',3,0,0);
INSERT INTO "ticketLine" VALUES(1052,39,301,'STOOFVLEES',3.5,1,'I',0,'2011-07-20 19:52:53.812000',3,0,0);
INSERT INTO "ticketLine" VALUES(1053,39,127,'CHIXFINGERS',2.7,1,'I',0,'2011-07-20 19:53:00.343000',3,0,0);
INSERT INTO "ticketLine" VALUES(1054,39,102,'FRIKANDEL',1.4,1,'I',0,'2011-07-20 19:53:07.796000',3,0,0);
INSERT INTO "ticketLine" VALUES(1055,39,104,'BOULETTE',1.6,1,'I',0,'2011-07-20 19:53:08.656000',3,0,0);
INSERT INTO "ticketLine" VALUES(1056,39,7,'MAYONAISE',0.7,1,'I',0,'2011-07-20 19:53:13.437000',3,0,0);
INSERT INTO "ticketLine" VALUES(1057,39,7,'MAYONAISE',0.7,1,'I',0,'2011-07-20 19:53:14.796000',3,0,0);
INSERT INTO "ticketLine" VALUES(1058,39,20,'ANDALOUSE',0.7,1,'I',0,'2011-07-20 19:53:19.234000',3,0,0);
INSERT INTO "ticketLine" VALUES(1059,39,103,'FRIKANDEL SPECIAL',2.4,1,'I',0,'2011-07-20 19:53:23.562000',3,0,0);
INSERT INTO "ticketLine" VALUES(1060,39,14,'CURRY KETCHUP',0.0,1,'I',1,'2011-07-20 19:53:26.296000',3,0,0);
INSERT INTO "ticketLine" VALUES(1061,39,43,'TROPICO',1.6,1,'I',0,'2011-07-20 19:53:31.765000',3,0,0);
INSERT INTO "ticketLine" VALUES(1062,39,241,'AQUARIUS',2.5,1,'I',0,'2011-07-20 19:53:38.656000',3,0,0);
INSERT INTO "ticketLine" VALUES(1063,39,48,'JUPILER 33cl',1.6,1,'I',0,'2011-07-20 19:53:45.078000',1,0,0);
INSERT INTO "ticketLine" VALUES(1064,40,329,'RED BARON',3.8,1,'I',0,'2011-07-20 19:57:01.250000',3,0,0);
INSERT INTO "ticketLine" VALUES(1065,40,110,'BOULET MAISON',2.2,1,'I',0,'2011-07-20 19:57:08.750000',3,0,0);
INSERT INTO "ticketLine" VALUES(1066,40,2,'KLEIN',1.9,1,'I',0,'2011-07-20 19:57:31.968000',2,0,0);
INSERT INTO "ticketLine" VALUES(1067,40,20,'ANDALOUSE',0.7,1,'I',0,'2011-07-20 19:57:43.578000',2,0,0);
INSERT INTO "ticketLine" VALUES(1068,40,36,'COCA COLA 33cl',1.5,1,'I',0,'2011-07-20 19:57:47.531000',1,0,0);
INSERT INTO "ticketLine" VALUES(1069,40,38,'COLA ZERO 33cl',1.5,1,'I',0,'2011-07-20 19:57:49.390000',1,0,0);
INSERT INTO "ticketLine" VALUES(1070,41,2,'KLEIN',1.9,1,'I',0,'2011-07-20 19:59:17.906000',3,0,0);
INSERT INTO "ticketLine" VALUES(1071,41,29,'COCKTAIL',0.7,1,'I',0,'2011-07-20 19:59:18.656000',3,0,0);
INSERT INTO "ticketLine" VALUES(1072,42,41,'SPRITE 33cl',1.5,1,'O',0,'2011-07-20 20:05:25.921000',3,0,0);
INSERT INTO "ticketLine" VALUES(1073,42,37,'COLA LIGHT 33cl',1.5,1,'O',0,'2011-07-20 20:05:26.484000',3,0,0);
INSERT INTO "ticketLine" VALUES(1074,43,2,'KLEIN',1.9,1,'O',0,'2011-07-20 20:37:52.640000',3,0,0);
INSERT INTO "ticketLine" VALUES(1075,43,2,'KLEIN',1.9,1,'O',0,'2011-07-20 20:37:53.093000',3,0,0);
INSERT INTO "ticketLine" VALUES(1076,43,7,'MAYONAISE',0.7,1,'O',0,'2011-07-20 20:37:56.890000',3,0,0);
INSERT INTO "ticketLine" VALUES(1077,43,9999,'APART',0.0,1,'O',0,'2011-07-20 20:37:57.656000',0,0,0);
INSERT INTO "ticketLine" VALUES(1078,43,7,'MAYONAISE',0.7,1,'O',0,'2011-07-20 20:38:00.156000',3,0,0);
INSERT INTO "ticketLine" VALUES(1079,43,9999,'APART',0.0,1,'O',0,'2011-07-20 20:38:00.687000',0,0,0);
INSERT INTO "ticketLine" VALUES(1080,44,104,'BOULETTE',1.6,1,'I',0,'2011-07-20 20:38:47.156000',3,0,0);
INSERT INTO "ticketLine" VALUES(1081,44,102,'FRIKANDEL',1.4,1,'I',0,'2011-07-20 20:38:49.500000',3,0,0);
INSERT INTO "ticketLine" VALUES(1082,44,102,'FRIKANDEL',1.4,1,'I',0,'2011-07-20 20:38:49.734000',3,0,0);
INSERT INTO "ticketLine" VALUES(1083,44,3,'MIDDEN',2.1,1,'I',0,'2011-07-20 20:38:53.828000',3,0,0);
INSERT INTO "ticketLine" VALUES(1084,44,20,'ANDALOUSE',0.7,1,'I',0,'2011-07-20 20:38:57.625000',3,0,0);
INSERT INTO "ticketLine" VALUES(1085,44,9999,'APART',0.0,1,'I',0,'2011-07-20 20:38:58.046000',0,0,0);
INSERT INTO "ticketLine" VALUES(1086,44,23,'SAMURAI',0.7,1,'I',0,'2011-07-20 20:39:00.078000',3,0,0);
INSERT INTO "ticketLine" VALUES(1087,44,9999,'APART',0.0,1,'I',0,'2011-07-20 20:39:00.437000',0,0,0);
INSERT INTO "ticketLine" VALUES(1088,44,2,'KLEIN',1.9,1,'I',0,'2011-07-20 20:39:03.296000',3,0,0);
INSERT INTO "ticketLine" VALUES(1089,44,308,'SATE GROOT',3.0,1,'I',0,'2011-07-20 20:39:17.312000',2,0,0);
INSERT INTO "ticketLine" VALUES(1090,44,9999,'ZONDER KRUIDEN',0.0,1,'I',1,'2011-07-20 20:39:19.812000',0,0,0);
INSERT INTO "ticketLine" VALUES(1091,44,110,'BOULET MAISON',2.2,1,'I',0,'2011-07-20 20:39:24.484000',2,0,0);
INSERT INTO "ticketLine" VALUES(1092,44,23,'SAMURAI',0.7,1,'I',0,'2011-07-20 20:39:27.265000',2,0,0);
INSERT INTO "ticketLine" VALUES(1093,44,9999,'APART',0.0,1,'I',0,'2011-07-20 20:39:27.562000',0,0,0);
INSERT INTO "ticketLine" VALUES(1094,44,7,'MAYONAISE',0.7,1,'I',0,'2011-07-20 20:39:27.984000',2,0,0);
INSERT INTO "ticketLine" VALUES(1095,44,9999,'APART',0.0,1,'I',0,'2011-07-20 20:39:28.484000',0,0,0);
INSERT INTO "ticketLine" VALUES(1097,44,38,'COLA ZERO 33cl',1.5,1,'I',0,'2011-07-20 20:39:37.687000',1,0,0);
INSERT INTO "ticketLine" VALUES(1098,44,39,'FANTA ORANGE 33cl',1.5,1,'I',0,'2011-07-20 20:39:39.578000',1,0,0);
INSERT INTO "ticketLine" VALUES(1099,45,2,'KLEIN',1.9,1,'O',0,'2011-07-20 20:44:33.750000',3,0,0);
INSERT INTO "ticketLine" VALUES(1100,45,301,'STOOFVLEES',3.5,1,'O',0,'2011-07-20 20:44:35.828000',3,0,0);
INSERT INTO "ticketLine" VALUES(1102,45,103,'FRIKANDEL SPECIAL',2.4,1,'O',0,'2011-07-20 20:44:51',3,0,0);
INSERT INTO "ticketLine" VALUES(1103,45,14,'CURRY KETCHUP',0.0,1,'O',1,'2011-07-20 20:44:54.453000',3,0,0);
INSERT INTO "ticketLine" VALUES(1104,45,103,'FRIKANDEL SPECIAL',2.4,1,'O',0,'2011-07-20 20:44:55.546000',3,0,0);
INSERT INTO "ticketLine" VALUES(1105,45,14,'CURRY KETCHUP',0.0,1,'O',1,'2011-07-20 20:44:56.109000',3,0,0);
INSERT INTO "ticketLine" VALUES(1106,45,2,'KLEIN',1.9,1,'O',0,'2011-07-20 20:45:01.468000',3,0,0);
INSERT INTO "ticketLine" VALUES(1107,45,103,'FRIKANDEL SPECIAL',2.4,1,'O',0,'2011-07-20 20:45:08.437000',3,0,0);
INSERT INTO "ticketLine" VALUES(1108,45,14,'CURRY KETCHUP',0.0,1,'O',1,'2011-07-20 20:45:11.921000',3,0,0);
INSERT INTO "ticketLine" VALUES(1109,45,103,'FRIKANDEL SPECIAL',2.4,1,'O',0,'2011-07-20 20:45:12.625000',3,0,0);
INSERT INTO "ticketLine" VALUES(1110,45,14,'CURRY KETCHUP',0.0,1,'O',1,'2011-07-20 20:45:13.187000',3,0,0);
INSERT INTO "ticketLine" VALUES(1111,45,2,'KLEIN',1.9,1,'O',0,'2011-07-20 20:45:14.640000',3,0,0);
INSERT INTO "ticketLine" VALUES(1112,45,26,'BRASIL',0.7,1,'O',0,'2011-07-20 20:45:23.625000',3,0,0);
INSERT INTO "ticketLine" VALUES(1113,45,26,'BRASIL',0.7,1,'O',0,'2011-07-20 20:45:42.171000',3,0,0);
INSERT INTO "ticketLine" VALUES(1114,46,2,'KLEIN',1.9,1,'I',0,'2011-07-20 20:46:51.703000',3,0,0);
INSERT INTO "ticketLine" VALUES(1115,46,113,'VIANDELLE',1.7,1,'I',0,'2011-07-20 20:46:54.203000',3,0,0);
INSERT INTO "ticketLine" VALUES(1116,46,113,'VIANDELLE',1.7,1,'I',0,'2011-07-20 20:46:54.406000',3,0,0);
INSERT INTO "ticketLine" VALUES(1117,46,23,'SAMURAI',0.7,1,'I',0,'2011-07-20 20:46:58.187000',3,0,0);
INSERT INTO "ticketLine" VALUES(1118,46,14,'CURRY KETCHUP',0.7,1,'I',0,'2011-07-20 20:46:59.859000',3,0,0);
INSERT INTO "ticketLine" VALUES(1119,46,38,'COLA ZERO 33cl',1.5,1,'I',0,'2011-07-20 20:47:04.625000',3,0,0);
INSERT INTO "ticketLine" VALUES(1120,47,2,'KLEIN',1.9,1,'O',0,'2011-07-20 20:49:44.953000',3,0,0);
INSERT INTO "ticketLine" VALUES(1121,47,2,'KLEIN',1.9,1,'O',0,'2011-07-20 20:49:45.234000',3,0,0);
INSERT INTO "ticketLine" VALUES(1122,47,2,'KLEIN',1.9,1,'O',0,'2011-07-20 20:49:45.500000',3,0,0);
INSERT INTO "ticketLine" VALUES(1123,48,1,'MINI',1.7,1,'I',0,'2011-07-20 20:58:07.921000',3,0,0);
INSERT INTO "ticketLine" VALUES(1124,48,1,'MINI',1.7,1,'I',0,'2011-07-20 20:58:08.156000',3,0,0);
INSERT INTO "ticketLine" VALUES(1125,48,101,'HAMBURGER',1.4,1,'I',0,'2011-07-20 20:58:14.015000',3,0,0);
INSERT INTO "ticketLine" VALUES(1126,48,136,'SPICY VIANDELLE',1.7,1,'I',0,'2011-07-20 20:58:26.093000',3,0,0);
INSERT INTO "ticketLine" VALUES(1127,48,32,'BICKY SAUS',0.7,1,'I',0,'2011-07-20 20:58:29.593000',3,0,0);
INSERT INTO "ticketLine" VALUES(1128,48,7,'MAYONAISE',0.7,1,'I',0,'2011-07-20 20:58:30.250000',3,0,0);
INSERT INTO "ticketLine" VALUES(1129,49,38,'COLA ZERO 33cl',1.5,1,'O',0,'2011-07-20 21:04:09.484000',3,0,0);
DROP TABLE IF EXISTS menuComponent;
CREATE TABLE [menuComponent] (
[entryNo] INTEGER  NOT NULL PRIMARY KEY AUTOINCREMENT,
[productId] INTEGER  NULL,
[componentProductId] INTEGER  NULL,
[buttonNo] INTEGER  NULL,
[nextScreenGroup] INTEGER  NULL
);
DROP TABLE IF EXISTS product_screen;
CREATE TABLE [product_screen] (
  entryNo           integer PRIMARY KEY NOT NULL,
  screenCategoryId  integer,
  productId         integer,
  buttonNo          integer,
  bgColor           varchar(7)
, productName text);
INSERT INTO "product_screen" VALUES(851,1,1,11,'#FFFF80','MINI');
INSERT INTO "product_screen" VALUES(852,1,2,12,'#FFFF80','KLEIN');
INSERT INTO "product_screen" VALUES(853,1,3,13,'#FFFF80','MIDDEN');
INSERT INTO "product_screen" VALUES(854,1,4,14,'#FFFF80','GROOT');
INSERT INTO "product_screen" VALUES(855,1,5,15,'#FFFF80','FAMILIEPAK');
INSERT INTO "product_screen" VALUES(856,1,6,16,'#FFFF80','KINDERMENU');
INSERT INTO "product_screen" VALUES(857,1,7,21,'#FF80FF','MAYONAISE');
INSERT INTO "product_screen" VALUES(858,1,8,22,'#FF80FF','TARTARE');
INSERT INTO "product_screen" VALUES(859,1,9,23,'#FF80FF','TARTARE MAISON');
INSERT INTO "product_screen" VALUES(860,1,10,24,'#FF80FF','PICKLES');
INSERT INTO "product_screen" VALUES(861,1,11,25,'#FF80FF','PILI PILI');
INSERT INTO "product_screen" VALUES(862,1,12,26,'#FF80FF','CURRY');
INSERT INTO "product_screen" VALUES(863,1,13,31,'#FF80FF','KETCHUP');
INSERT INTO "product_screen" VALUES(864,1,14,32,'#FF80FF','CURRY KETCHUP');
INSERT INTO "product_screen" VALUES(865,1,15,33,'#FF80FF','PEPERSAUS');
INSERT INTO "product_screen" VALUES(866,1,16,34,'#FF80FF','SAUCE RICHE');
INSERT INTO "product_screen" VALUES(867,1,17,35,'#FF80FF','MOSTERD');
INSERT INTO "product_screen" VALUES(868,1,18,36,'#FF80FF','FRITESSAUS');
INSERT INTO "product_screen" VALUES(869,1,19,41,'#FF80FF','ZIGEUNER/ PROV');
INSERT INTO "product_screen" VALUES(870,1,20,42,'#FF80FF','ANDALOUSE');
INSERT INTO "product_screen" VALUES(871,1,21,43,'#FF80FF','AMERICAIN MAISON (Gewoon)');
INSERT INTO "product_screen" VALUES(872,1,22,44,'#FF80FF','AMERICAIN CHEF (Zoet)');
INSERT INTO "product_screen" VALUES(873,1,23,45,'#FF80FF','SAMURAI');
INSERT INTO "product_screen" VALUES(874,1,24,46,'#FF80FF','ARDEENSE SAUS');
INSERT INTO "product_screen" VALUES(875,1,25,51,'#FF80FF','BEARNAISE');
INSERT INTO "product_screen" VALUES(876,1,26,52,'#FF80FF','BRASIL');
INSERT INTO "product_screen" VALUES(877,1,27,53,'#FF80FF','LOEMPIA SAUS');
INSERT INTO "product_screen" VALUES(878,1,28,54,'#FF80FF','JOPPIE SAUS');
INSERT INTO "product_screen" VALUES(879,1,29,55,'#FF80FF','COCKTAIL');
INSERT INTO "product_screen" VALUES(880,1,30,56,'#FF80FF','PITTA');
INSERT INTO "product_screen" VALUES(881,1,31,61,'#FF80FF','CHILADA');
INSERT INTO "product_screen" VALUES(882,1,32,62,'#FF80FF','BICKY SAUS');
INSERT INTO "product_screen" VALUES(883,1,33,63,'#FF80FF','BIG GIANT');
INSERT INTO "product_screen" VALUES(884,1,35,64,'#FF80FF','PORTIE SPECIAAL');
INSERT INTO "product_screen" VALUES(886,4,36,11,'#0072E7','COCA COLA 33cl');
INSERT INTO "product_screen" VALUES(887,4,37,12,'#0072E7','COLA LIGHT 33cl');
INSERT INTO "product_screen" VALUES(888,4,38,13,'#0072E7','COLA ZERO 33cl');
INSERT INTO "product_screen" VALUES(889,4,39,14,'#0072E7','FANTA ORANGE 33cl');
INSERT INTO "product_screen" VALUES(890,4,40,15,'#0072E7','FANTA LEMON 33cl');
INSERT INTO "product_screen" VALUES(891,4,41,16,'#0072E7','SPRITE 33cl');
INSERT INTO "product_screen" VALUES(892,4,42,31,'#0072E7','ICE TEA');
INSERT INTO "product_screen" VALUES(893,4,43,32,'#0072E7','TROPICO');
INSERT INTO "product_screen" VALUES(894,4,44,33,'#0072E7','SINAAS');
INSERT INTO "product_screen" VALUES(895,4,45,34,'#0072E7','RED BULL');
INSERT INTO "product_screen" VALUES(896,4,46,41,'#0072E7','WATER PLAT kl');
INSERT INTO "product_screen" VALUES(897,4,47,42,'#0072E7','WATER BRUIS kl');
INSERT INTO "product_screen" VALUES(898,4,48,51,'#FF8080','JUPILER 33cl');
INSERT INTO "product_screen" VALUES(899,4,49,52,'#FF8080','JUPILER 50cl');
INSERT INTO "product_screen" VALUES(900,4,50,53,'#FF8080','W. WIJN 25 CL  ');
INSERT INTO "product_screen" VALUES(901,4,51,54,'#FF8080','R. WIJN 25 CL  ');
INSERT INTO "product_screen" VALUES(902,2,101,11,'#FF8040','HAMBURGER');
INSERT INTO "product_screen" VALUES(903,2,102,12,'#FF8040','FRIKANDEL');
INSERT INTO "product_screen" VALUES(904,2,103,13,'#FF8040','FRIKANDEL SPECIAL');
INSERT INTO "product_screen" VALUES(905,2,104,14,'#FF8040','BOULETTE');
INSERT INTO "product_screen" VALUES(906,2,105,15,'#FF8040','BOULETTE SPECIAL');
INSERT INTO "product_screen" VALUES(907,2,106,16,'#FF8040','BITTERBAL 5st');
INSERT INTO "product_screen" VALUES(908,2,107,21,'#FF8040','PIKANTO');
INSERT INTO "product_screen" VALUES(909,2,108,22,'#FF8040','GOULASH KROKET');
INSERT INTO "product_screen" VALUES(910,2,109,23,'#FF8040','FISHBURGER');
INSERT INTO "product_screen" VALUES(911,2,110,24,'#FF8040','BOULET MAISON');
INSERT INTO "product_screen" VALUES(912,2,111,25,'#FF8040','RIBSTER');
INSERT INTO "product_screen" VALUES(913,2,112,26,'#FF8040','ARDEENSE SATE');
INSERT INTO "product_screen" VALUES(914,2,113,31,'#FF8040','VIANDELLE');
INSERT INTO "product_screen" VALUES(915,2,114,32,'#FF8040','LOOKWORST');
INSERT INTO "product_screen" VALUES(916,2,115,33,'#FF8040','LOOKWORST SPEC.');
INSERT INTO "product_screen" VALUES(917,2,116,34,'#FF8040','MAMMOET');
INSERT INTO "product_screen" VALUES(918,2,117,35,'#FF8040','MAMMOET +SAUS');
INSERT INTO "product_screen" VALUES(919,2,118,36,'#FF8040','SITO GOLD');
INSERT INTO "product_screen" VALUES(920,2,119,41,'#FF8040','CRIZLY');
INSERT INTO "product_screen" VALUES(921,2,120,42,'#FF8040','ZIGEUNERSTICK');
INSERT INTO "product_screen" VALUES(922,2,121,43,'#FF8040','KIPCORN');
INSERT INTO "product_screen" VALUES(923,2,122,44,'#FF8040','KIPSCHNITSEL');
INSERT INTO "product_screen" VALUES(924,2,123,45,'#FF8040','MINI LOEMPIA 6st');
INSERT INTO "product_screen" VALUES(925,2,124,46,'#FF8040','VLEESKROKET');
INSERT INTO "product_screen" VALUES(926,2,125,51,'#FF8040','MITRAILLETTE');
INSERT INTO "product_screen" VALUES(927,2,126,52,'#FF8040','MEXICANO');
INSERT INTO "product_screen" VALUES(928,2,127,53,'#FF8040','CHIXFINGERS');
INSERT INTO "product_screen" VALUES(929,2,128,54,'#FF8040','MOZARELLA STICKS 6st');
INSERT INTO "product_screen" VALUES(930,2,129,55,'#FF8040','LOEMPIA KIP');
INSERT INTO "product_screen" VALUES(931,2,130,56,'#FF8040','TACO');
INSERT INTO "product_screen" VALUES(932,2,131,61,'#FF8040','RAGOUZI');
INSERT INTO "product_screen" VALUES(933,2,132,62,'#FF8040','VUURVRETER');
INSERT INTO "product_screen" VALUES(934,2,133,63,'#FF8040','KABELJAUW STICK');
INSERT INTO "product_screen" VALUES(935,2,134,64,'#FF8040','IVO');
INSERT INTO "product_screen" VALUES(936,2,135,65,'#FF8040','KIPPETS');
INSERT INTO "product_screen" VALUES(951,4,230,21,'#0072E7','COCA COLA 50cl');
INSERT INTO "product_screen" VALUES(952,4,231,22,'#0072E7','COLA LIGHT 50cl');
INSERT INTO "product_screen" VALUES(953,4,232,23,'#0072E7','COLA ZERO 50cl');
INSERT INTO "product_screen" VALUES(954,4,233,24,'#0072E7','FANTA ORANGE 50cl');
INSERT INTO "product_screen" VALUES(955,4,234,25,'#0072E7','FANTA LEMON 50cl');
INSERT INTO "product_screen" VALUES(956,4,235,26,'#0072E7','SPRITE 50cl');
INSERT INTO "product_screen" VALUES(961,4,240,35,'#0072E7','TWIST & DRINK');
INSERT INTO "product_screen" VALUES(962,4,241,36,'#0072E7','AQUARIUS');
INSERT INTO "product_screen" VALUES(963,4,242,55,'#FF8080','HOEGAARDEN');
INSERT INTO "product_screen" VALUES(964,4,243,56,'#FF8080','KRIEK');
INSERT INTO "product_screen" VALUES(965,3,301,11,'#80FF80','STOOFVLEES');
INSERT INTO "product_screen" VALUES(966,3,302,12,'#80FF80','BALLETJES');
INSERT INTO "product_screen" VALUES(967,3,303,13,'#80FF80','VOL-AU-VENT');
INSERT INTO "product_screen" VALUES(968,3,304,14,'#80FF80','GOULASH');
INSERT INTO "product_screen" VALUES(969,3,305,15,'#80FF80','SPAGETTI');
INSERT INTO "product_screen" VALUES(970,3,306,16,'#80FF80','PORTIE KAAS');
INSERT INTO "product_screen" VALUES(971,3,307,21,'#80FF80','SATE KLEIN');
INSERT INTO "product_screen" VALUES(972,3,308,22,'#80FF80','SATE GROOT');
INSERT INTO "product_screen" VALUES(973,3,309,23,'#80FF80','KIPPEBOUT SATE');
INSERT INTO "product_screen" VALUES(974,3,310,24,'#80FF80','KAASKROKET');
INSERT INTO "product_screen" VALUES(975,3,311,25,'#80FF80','GARNAAL KROKET');
INSERT INTO "product_screen" VALUES(976,3,312,35,'#804000','STOOFVLEES SAUS');
INSERT INTO "product_screen" VALUES(977,3,313,31,'#804000','TOMATEN SAUS');
INSERT INTO "product_screen" VALUES(978,3,314,32,'#804000','VOL-AU-VENT SAUS');
INSERT INTO "product_screen" VALUES(979,3,315,33,'#804000','GOULASH SAUS');
INSERT INTO "product_screen" VALUES(980,3,316,34,'#804000','SPAGHETTI SAUS');
INSERT INTO "product_screen" VALUES(984,3,320,41,'#FFFF80','BICKY');
INSERT INTO "product_screen" VALUES(985,3,321,42,'#FFFF80','BICKY CHEESE');
INSERT INTO "product_screen" VALUES(986,3,322,43,'#FFFF80','BICKY RIB');
INSERT INTO "product_screen" VALUES(987,3,323,44,'#FFFF80','BICKY VEGI');
INSERT INTO "product_screen" VALUES(988,3,324,45,'#FFFF80','BICKY VEGI CHEESE');
INSERT INTO "product_screen" VALUES(989,3,325,51,'#FFFF80','BICKY CHICKEN');
INSERT INTO "product_screen" VALUES(990,3,326,62,'#80FF80','CHICKEN BARON');
INSERT INTO "product_screen" VALUES(991,3,327,63,'#80FF80','FISH BARON');
INSERT INTO "product_screen" VALUES(992,3,328,64,'#80FF80','GIANT BARON');
INSERT INTO "product_screen" VALUES(993,3,329,65,'#80FF80','RED BARON');
INSERT INTO "product_screen" VALUES(994,3,330,66,'#80FF80','BARON PEPPER');
INSERT INTO "product_screen" VALUES(995,3,331,61,'#80FF80','CHEESE BARON');
INSERT INTO "product_screen" VALUES(996,3,332,46,'#FFFF80','BICKY FRIET');
INSERT INTO "product_screen" VALUES(997,2,146,71,'#FF8040','MOSSELEN ZUUR');
INSERT INTO "product_screen" VALUES(998,2,136,66,'#FF8040','SPICY VIANDELLE');
INSERT INTO "product_screen" VALUES(999,5,333,11,'0','DIV 6%');
INSERT INTO "product_screen" VALUES(1000,5,334,12,'0','DIV 12%');
INSERT INTO "product_screen" VALUES(1001,5,335,13,'0','DIV 21%');
INSERT INTO "product_screen" VALUES(1002,6,337,11,'#32B241','STOOFVLEES MENU');
INSERT INTO "product_screen" VALUES(1003,2,338,72,'#FF8040','SHOARMA ROL');
INSERT INTO "product_screen" VALUES(1004,2,339,73,'#FF8040','HOT TWISTER');
INSERT INTO "product_screen" VALUES(1005,2,340,74,'#FF8040','VOL-AU-VENT KROKET');
INSERT INTO "product_screen" VALUES(1006,2,341,75,'#FF8040','SAJOERA');
INSERT INTO "product_screen" VALUES(1007,2,342,76,'#FF8040','AMUSOMIX');
INSERT INTO "product_screen" VALUES(1008,5,9999,21,'#FF0000','APART');
INSERT INTO "product_screen" VALUES(1009,1,9999,65,'#FF0000','APART');
INSERT INTO "product_screen" VALUES(1010,3,9999,36,'#FF0000','APART');
INSERT INTO "product_screen" VALUES(1011,5,343,22,'#FF0000','Korting');
INSERT INTO "product_screen" VALUES(1012,4,344,43,'#0072E7','WATER 50cl PLAT');
INSERT INTO "product_screen" VALUES(1013,4,345,44,'#0072E7','WATER 50cl BRUIS');
INSERT INTO "product_screen" VALUES(1014,7,346,11,'#FF80FF','MAYONAISE');
INSERT INTO "product_screen" VALUES(1015,7,347,12,'#FF80FF','TARTARE');
INSERT INTO "product_screen" VALUES(1016,7,348,13,'#FF80FF','TARTARE MAISON');
INSERT INTO "product_screen" VALUES(1017,7,349,14,'#FF80FF','PICKLES');
INSERT INTO "product_screen" VALUES(1018,7,350,15,'#FF80FF','PILI PILI');
INSERT INTO "product_screen" VALUES(1019,7,351,16,'#FF80FF','CURRY');
INSERT INTO "product_screen" VALUES(1020,7,352,21,'#FF80FF','KETCHUP');
INSERT INTO "product_screen" VALUES(1021,7,353,22,'#FF80FF','CURRY KETCHUP');
INSERT INTO "product_screen" VALUES(1022,7,354,23,'#FF80FF','PEPERSAUS');
INSERT INTO "product_screen" VALUES(1023,7,355,24,'#FF80FF','SAUCE RICHE');
INSERT INTO "product_screen" VALUES(1024,7,356,25,'#FF80FF','MOSTERD');
INSERT INTO "product_screen" VALUES(1025,7,357,26,'#FF80FF','FRITESSAUS');
INSERT INTO "product_screen" VALUES(1026,7,358,31,'#FF80FF','ZIGEUNER/ PROV');
INSERT INTO "product_screen" VALUES(1027,7,359,32,'#FF80FF','ANDALOUSE');
INSERT INTO "product_screen" VALUES(1028,7,360,33,'#FF80FF','AMERICAIN MAISON (Gewoon)');
INSERT INTO "product_screen" VALUES(1029,7,361,34,'#FF80FF','AMERICAIN CHEF (Zoet)');
INSERT INTO "product_screen" VALUES(1030,7,362,35,'#FF80FF','SAMURAI');
INSERT INTO "product_screen" VALUES(1031,7,363,36,'#FF80FF','ARDEENSE SAUS');
INSERT INTO "product_screen" VALUES(1032,7,364,41,'#FF80FF','BEARNAISE');
INSERT INTO "product_screen" VALUES(1033,7,365,42,'#FF80FF','BRASIL');
INSERT INTO "product_screen" VALUES(1034,7,366,43,'#FF80FF','LOEMPIA SAUS');
INSERT INTO "product_screen" VALUES(1035,7,367,44,'#FF80FF','JOPPIE SAUS');
INSERT INTO "product_screen" VALUES(1036,7,368,45,'#FF80FF','COCKTAIL');
INSERT INTO "product_screen" VALUES(1037,7,369,46,'#FF80FF','PITTA');
INSERT INTO "product_screen" VALUES(1038,7,370,51,'#FF80FF','CHILADA');
INSERT INTO "product_screen" VALUES(1039,7,371,52,'#FF80FF','BICKY SAUS');
INSERT INTO "product_screen" VALUES(1040,7,372,53,'#FF80FF','BIG GIANT');
DROP TABLE IF EXISTS productOption;
CREATE TABLE [productOption] (
[entryNo] INTEGER  PRIMARY KEY AUTOINCREMENT NOT NULL,
[productId] INTEGER  NULL,
[optionProductId] INTEGER  NULL,
[buttonNo] INTEGER  NULL,
[nextScreenGroup] INTEGER  NULL,
[bgColor] VARCHAR(7)  NULL
, price real, productName text);
INSERT INTO "productOption" VALUES(1,103,13,11,2,'#FF80FF',0.0,NULL);
INSERT INTO "productOption" VALUES(2,103,14,12,2,'#FF80FF',0.0,NULL);
INSERT INTO "productOption" VALUES(3,105,13,11,2,'#FF80FF',0.0,NULL);
INSERT INTO "productOption" VALUES(4,105,14,12,2,'#FF80FF',0.0,NULL);
INSERT INTO "productOption" VALUES(5,125,7,11,2,'#FF80FF',0.0,NULL);
INSERT INTO "productOption" VALUES(6,125,8,12,2,'#FF80FF',0.0,NULL);
INSERT INTO "productOption" VALUES(7,125,9,13,2,'#FF80FF',0.0,NULL);
INSERT INTO "productOption" VALUES(8,125,10,14,2,'#FF80FF',0.0,NULL);
INSERT INTO "productOption" VALUES(9,125,11,15,2,'#FF80FF',0.0,NULL);
INSERT INTO "productOption" VALUES(10,125,12,16,2,'#FF80FF',0.0,NULL);
INSERT INTO "productOption" VALUES(11,125,13,21,2,'#FF80FF',0.0,NULL);
INSERT INTO "productOption" VALUES(12,125,14,22,2,'#FF80FF',0.0,NULL);
INSERT INTO "productOption" VALUES(13,125,15,23,2,'#FF80FF',0.0,NULL);
INSERT INTO "productOption" VALUES(14,125,16,24,2,'#FF80FF',0.0,NULL);
INSERT INTO "productOption" VALUES(15,125,17,25,2,'#FF80FF',0.0,NULL);
INSERT INTO "productOption" VALUES(16,125,18,26,2,'#FF80FF',0.0,NULL);
INSERT INTO "productOption" VALUES(17,125,19,31,2,'#FF80FF',0.0,NULL);
INSERT INTO "productOption" VALUES(18,125,20,32,2,'#FF80FF',0.0,NULL);
INSERT INTO "productOption" VALUES(19,125,21,33,2,'#FF80FF',0.0,NULL);
INSERT INTO "productOption" VALUES(20,125,22,34,2,'#FF80FF',0.0,NULL);
INSERT INTO "productOption" VALUES(21,125,23,35,2,'#FF80FF',0.0,NULL);
INSERT INTO "productOption" VALUES(22,125,24,36,2,'#FF80FF',0.0,NULL);
INSERT INTO "productOption" VALUES(23,125,25,41,2,'#FF80FF',0.0,NULL);
INSERT INTO "productOption" VALUES(24,125,26,42,2,'#FF80FF',0.0,NULL);
INSERT INTO "productOption" VALUES(25,125,27,43,2,'#FF80FF',0.0,NULL);
INSERT INTO "productOption" VALUES(26,125,28,44,2,'#FF80FF',0.0,NULL);
INSERT INTO "productOption" VALUES(27,125,29,45,2,'#FF80FF',0.0,NULL);
INSERT INTO "productOption" VALUES(28,125,30,46,2,'#FF80FF',0.0,NULL);
INSERT INTO "productOption" VALUES(29,125,31,51,2,'#FF80FF',0.0,NULL);
INSERT INTO "productOption" VALUES(30,125,32,52,2,'#FF80FF',0.0,NULL);
INSERT INTO "productOption" VALUES(31,125,33,53,2,'#FF80FF',0.0,NULL);
INSERT INTO "productOption" VALUES(33,125,35,54,2,'#FF80FF',0.0,NULL);
INSERT INTO "productOption" VALUES(34,115,13,11,2,'#FF80FF',0.0,NULL);
INSERT INTO "productOption" VALUES(35,115,14,12,2,'#FF80FF',0.0,NULL);
INSERT INTO "productOption" VALUES(37,307,9999,12,4,NULL,0.0,'ZONDER KRUIDEN');
INSERT INTO "productOption" VALUES(38,308,9999,11,4,NULL,0.0,'MET KRUIDEN');
INSERT INTO "productOption" VALUES(39,308,9999,12,4,NULL,0.0,'ZONDER KRUIDEN');
INSERT INTO "productOption" VALUES(40,114,9999,11,4,NULL,0.0,'GEBAKKEN');
INSERT INTO "productOption" VALUES(41,114,9999,12,2,NULL,0.0,'NIET GEBAKKEN');
INSERT INTO "productOption" VALUES(42,307,9999,11,2,NULL,NULL,'MET KRUIDEN');
DROP TABLE IF EXISTS product;
CREATE TABLE [product] (
  id                integer PRIMARY KEY AUTOINCREMENT NOT NULL,
  name              text,
  price             real,
  discountIfOption  float DEFAULT '''0''',
  groupId           integer,
  vatCodeIn         integer,
  vatCodeOut        integer,
  askForPrice       integer DEFAULT '''0''',
  screenName        text
);
INSERT INTO "product" VALUES(1,'MINI',1.7,100.0,1,2,3,0,'MINI');
INSERT INTO "product" VALUES(2,'KLEIN',1.9,100.0,1,2,3,0,'KLEIN');
INSERT INTO "product" VALUES(3,'MIDDEN',2.1,100.0,1,2,3,0,'MIDDEN');
INSERT INTO "product" VALUES(4,'GROOT',2.5,100.0,1,2,3,0,'GROOT');
INSERT INTO "product" VALUES(5,'FAMILIEPAK',3.7,100.0,1,2,3,0,'FAMILIE PAK');
INSERT INTO "product" VALUES(6,'KINDERMENU',5.0,100.0,1,2,3,0,'KINDER MENU');
INSERT INTO "product" VALUES(7,'MAYONAISE',0.7,100.0,2,2,3,0,'MAYO');
INSERT INTO "product" VALUES(8,'TARTARE',0.7,100.0,2,2,3,0,'TARTARE');
INSERT INTO "product" VALUES(9,'TARTARE MAISON',0.7,100.0,2,2,3,0,'TARTARE MAISON');
INSERT INTO "product" VALUES(10,'PICKLES',0.7,100.0,2,2,3,0,'PICKLES');
INSERT INTO "product" VALUES(11,'PILI PILI',0.7,100.0,2,2,3,0,'PILI PILI');
INSERT INTO "product" VALUES(12,'CURRY',0.7,100.0,2,2,3,0,'CURRY');
INSERT INTO "product" VALUES(13,'KETCHUP',0.7,100.0,2,2,3,0,'KETCHUP');
INSERT INTO "product" VALUES(14,'CURRY KETCHUP',0.7,100.0,2,2,3,0,'CURRY KETCHUP');
INSERT INTO "product" VALUES(15,'PEPERSAUS',0.7,100.0,2,2,3,0,'PEPER SAUS');
INSERT INTO "product" VALUES(16,'SAUCE RICHE',0.7,100.0,2,2,3,0,'SAUCE RICHE');
INSERT INTO "product" VALUES(17,'MOSTERD',0.7,100.0,2,2,3,0,'MOSTERD');
INSERT INTO "product" VALUES(18,'FRITESSAUS',0.7,100.0,2,2,3,0,'FRITES SAUS');
INSERT INTO "product" VALUES(19,'ZIGEUNER/ PROV',0.7,100.0,2,2,3,0,'ZIG./ PROV.');
INSERT INTO "product" VALUES(20,'ANDALOUSE',0.7,100.0,2,2,3,0,'ANDAL.');
INSERT INTO "product" VALUES(21,'AMERICAIN MAISON (Gewoon)',0.7,100.0,2,2,3,0,'AMERIC. MAISON (Gewoon)');
INSERT INTO "product" VALUES(22,'AMERICAIN CHEF (Zoet)',0.7,100.0,2,2,3,0,'AMERIC. CHEF (Zoet)');
INSERT INTO "product" VALUES(23,'SAMURAI',0.7,100.0,2,2,3,0,'SAMURAI');
INSERT INTO "product" VALUES(24,'ARDEENSE SAUS',0.7,100.0,2,2,3,0,'ARDEENSE SAUS');
INSERT INTO "product" VALUES(25,'BEARNAISE',0.7,100.0,2,2,3,0,'BEARN.');
INSERT INTO "product" VALUES(26,'BRASIL',0.7,100.0,2,2,3,0,'BRASIL');
INSERT INTO "product" VALUES(27,'LOEMPIA SAUS',0.7,100.0,2,2,3,0,'LOEMPIA SAUS');
INSERT INTO "product" VALUES(28,'JOPPIE SAUS',0.7,100.0,2,2,3,0,'JOPPIE SAUS');
INSERT INTO "product" VALUES(29,'COCKTAIL',0.7,100.0,2,2,3,0,'COCKTAIL');
INSERT INTO "product" VALUES(30,'PITTA',0.7,100.0,2,2,3,0,'PITTA');
INSERT INTO "product" VALUES(31,'CHILADA',0.7,100.0,2,2,3,0,'CHILADA');
INSERT INTO "product" VALUES(32,'BICKY SAUS',0.7,100.0,2,2,3,0,'BICKY SAUS');
INSERT INTO "product" VALUES(33,'BIG GIANT',0.7,100.0,2,2,3,0,'BIG GIANT');
INSERT INTO "product" VALUES(35,'PORTIE SPECIAAL',1.2,100.0,2,2,3,0,'PORTIE SPECIAAL');
INSERT INTO "product" VALUES(36,'COCA COLA 33cl',1.5,100.0,6,1,3,0,'COCA COLA 33cl');
INSERT INTO "product" VALUES(37,'COLA LIGHT 33cl',1.5,100.0,6,1,3,0,'COLA LIGHT 33cl');
INSERT INTO "product" VALUES(38,'COLA ZERO 33cl',1.5,100.0,6,1,3,0,'COLA ZERO 33cl');
INSERT INTO "product" VALUES(39,'FANTA ORANGE 33cl',1.5,100.0,6,1,3,0,'FANTA ORANGE 33cl');
INSERT INTO "product" VALUES(40,'FANTA LEMON 33cl',1.5,100.0,6,1,3,0,'FANTA LEMON 33cl');
INSERT INTO "product" VALUES(41,'SPRITE 33cl',1.5,100.0,6,1,3,0,'SPRITE 33cl');
INSERT INTO "product" VALUES(42,'ICE TEA',1.6,100.0,6,1,3,0,'ICE TEA');
INSERT INTO "product" VALUES(43,'TROPICO',1.6,100.0,6,1,3,0,'TROPICO');
INSERT INTO "product" VALUES(44,'SINAAS',1.6,100.0,6,1,3,0,'SINAAS');
INSERT INTO "product" VALUES(45,'RED BULL',2.5,100.0,6,1,3,0,'RED BULL');
INSERT INTO "product" VALUES(46,'WATER PLAT kl',1.3,100.0,6,1,3,0,'WATER PLAT kl');
INSERT INTO "product" VALUES(47,'WATER BRUIS kl',1.3,100.0,6,1,3,0,'WATER BRUIS kl');
INSERT INTO "product" VALUES(48,'JUPILER 33cl',1.6,100.0,6,1,1,0,'JUPILER 33cl');
INSERT INTO "product" VALUES(49,'JUPILER 50cl',2.3,100.0,6,1,1,0,'JUPILER 50cl');
INSERT INTO "product" VALUES(50,'W. WIJN 25 CL',3.0,100.0,6,1,1,0,'W. WIJN 25 CL');
INSERT INTO "product" VALUES(51,'R. WIJN 25 CL',3.0,100.0,6,1,1,0,'R. WIJN 25 CL');
INSERT INTO "product" VALUES(101,'HAMBURGER',1.4,100.0,7,2,3,0,'HAMBURG.');
INSERT INTO "product" VALUES(102,'FRIKANDEL',1.4,100.0,7,2,3,0,'FRIKANDEL');
INSERT INTO "product" VALUES(103,'FRIKANDEL SPECIAL',2.4,100.0,7,2,3,0,'FRIKANDEL SPECIAL');
INSERT INTO "product" VALUES(104,'BOULETTE',1.6,100.0,7,2,3,0,'BOULETTE');
INSERT INTO "product" VALUES(105,'BOULETTE SPECIAL',2.6,100.0,7,2,3,0,'BOULETTE SPECIAL');
INSERT INTO "product" VALUES(106,'BITTERBAL 5st',1.4,100.0,7,2,3,0,'BITTERBAL 5st');
INSERT INTO "product" VALUES(107,'PIKANTO',1.6,100.0,7,2,3,0,'PIKANTO');
INSERT INTO "product" VALUES(108,'GOULASH KROKET',1.7,100.0,7,2,3,0,'GOULASH KROKET');
INSERT INTO "product" VALUES(109,'FISHBURGER',2.1,100.0,7,2,3,0,'FISHBURGER');
INSERT INTO "product" VALUES(110,'BOULET MAISON',2.2,100.0,7,2,3,0,'BOULET MAISON');
INSERT INTO "product" VALUES(111,'RIBSTER',2.3,100.0,7,2,3,0,'RIBSTER');
INSERT INTO "product" VALUES(112,'ARDEENSE SATE',2.6,100.0,7,2,3,0,'ARDEENSE SATE');
INSERT INTO "product" VALUES(113,'VIANDELLE',1.7,100.0,7,2,3,0,'VIANDELLE');
INSERT INTO "product" VALUES(114,'LOOKWORST',1.7,100.0,7,2,3,0,'LOOK WORST');
INSERT INTO "product" VALUES(115,'LOOKWORST SPEC.',2.7,100.0,7,2,3,0,'LOOK WORST SPEC.');
INSERT INTO "product" VALUES(116,'MAMMOET',1.6,100.0,7,2,3,0,'MAMMOET');
INSERT INTO "product" VALUES(117,'MAMMOET +SAUS',2.1,100.0,7,2,3,0,'MAMMOET +SAUS');
INSERT INTO "product" VALUES(118,'SITO GOLD',2.7,100.0,7,2,3,0,'SITO GOLD');
INSERT INTO "product" VALUES(119,'CRIZLY',2.7,100.0,7,2,3,0,'CRIZLY');
INSERT INTO "product" VALUES(120,'ZIGEUNERSTICK',2.0,100.0,7,2,3,0,'ZIGEUNER STICK');
INSERT INTO "product" VALUES(121,'KIPCORN',1.7,100.0,7,2,3,0,'KIPCORN');
INSERT INTO "product" VALUES(122,'KIPSCHNITSEL',2.5,100.0,7,2,3,0,'KIP SCHNITSEL');
INSERT INTO "product" VALUES(123,'MINI LOEMPIA 6st',2.5,100.0,7,2,3,0,'MINI LOEMPIA 6st');
INSERT INTO "product" VALUES(124,'VLEESKROKET',1.5,100.0,7,2,3,0,'VLEES KROKET');
INSERT INTO "product" VALUES(125,'MITRAILLETTE',3.3,100.0,7,2,3,0,'MITRAIL.');
INSERT INTO "product" VALUES(126,'MEXICANO',2.0,100.0,7,2,3,0,'MEXICANO');
INSERT INTO "product" VALUES(127,'CHIXFINGERS',2.7,100.0,7,2,3,0,'CHIXFINGERS');
INSERT INTO "product" VALUES(128,'MOZARELLA STICKS 6st',3.0,100.0,7,2,3,0,'MOZARELLA STICKS 6st');
INSERT INTO "product" VALUES(129,'LOEMPIA KIP',2.6,100.0,7,2,3,0,'LOEMPIA KIP');
INSERT INTO "product" VALUES(130,'TACO',2.5,100.0,7,2,3,0,'TACO');
INSERT INTO "product" VALUES(131,'RAGOUZI',1.7,100.0,7,2,3,0,'RAGOUZI');
INSERT INTO "product" VALUES(132,'VUURVRETER',2.5,100.0,7,2,3,0,'VUURVRETER');
INSERT INTO "product" VALUES(133,'KABELJAUW STICK',2.7,100.0,7,2,3,0,'KABELJAUW STICK');
INSERT INTO "product" VALUES(134,'IVO',2.7,100.0,7,2,3,0,'IVO');
INSERT INTO "product" VALUES(135,'KIPPETS',2.7,100.0,7,2,3,0,'KIPPETS');
INSERT INTO "product" VALUES(136,'SPICY VIANDELLE',1.7,100.0,7,2,3,0,'SPICY VIANDELLE');
INSERT INTO "product" VALUES(146,'MOSSELEN ZUUR',3.2,100.0,7,2,3,0,'MOSSELEN ZUUR');
INSERT INTO "product" VALUES(149,'MINI LOEMPIA',2.3,100.0,7,2,3,0,'MINI LOEMPIA');
INSERT INTO "product" VALUES(230,'COCA COLA 50cl',2.0,100.0,6,1,3,0,'COCA COLA 50cl');
INSERT INTO "product" VALUES(231,'COLA LIGHT 50cl',2.0,100.0,6,1,3,0,'COLA LIGHT 50cl');
INSERT INTO "product" VALUES(232,'COLA ZERO 50cl',2.0,100.0,6,1,3,0,'COLA ZERO 50cl');
INSERT INTO "product" VALUES(233,'FANTA ORANGE 50cl',2.0,100.0,6,1,3,0,'FANTA ORANGE 50cl');
INSERT INTO "product" VALUES(234,'FANTA LEMON 50cl',2.0,100.0,6,1,3,0,'FANTA LEMON 50cl');
INSERT INTO "product" VALUES(235,'SPRITE 50cl',2.0,100.0,6,1,3,0,'SPRITE 50cl');
INSERT INTO "product" VALUES(240,'TWIST & DRINK',1.6,100.0,6,1,3,0,'TWIST & DRINK');
INSERT INTO "product" VALUES(241,'AQUARIUS',2.5,100.0,6,1,3,0,'AQUARIUS');
INSERT INTO "product" VALUES(242,'HOEGAARDEN',2.7,100.0,6,1,1,0,'HOEG.');
INSERT INTO "product" VALUES(243,'KRIEK',2.7,100.0,6,1,1,0,'KRIEK');
INSERT INTO "product" VALUES(301,'STOOFVLEES',3.5,100.0,4,2,3,0,'STOOFVL.');
INSERT INTO "product" VALUES(302,'BALLETJES IN TOM.',3.5,100.0,4,2,3,0,'BALLETJES TOM');
INSERT INTO "product" VALUES(303,'VOL-AU-VENT',3.5,100.0,4,2,3,0,'VOL AU VENT');
INSERT INTO "product" VALUES(304,'GOULASH',3.5,100.0,4,2,3,0,'GOULASH');
INSERT INTO "product" VALUES(305,'SPAGETTI',4.5,100.0,4,2,3,0,'SPAGETTI');
INSERT INTO "product" VALUES(306,'PORTIE KAAS',0.5,100.0,4,2,3,0,'PORTIE KAAS');
INSERT INTO "product" VALUES(307,'SATE KLEIN',2.5,100.0,4,2,3,0,'SATE KLEIN');
INSERT INTO "product" VALUES(308,'SATE GROOT',3.0,100.0,4,2,3,0,'SATE GROOT');
INSERT INTO "product" VALUES(309,'KIPPEBOUT SATE',2.5,100.0,4,2,3,0,'KIPPEBOUT SATE');
INSERT INTO "product" VALUES(310,'KAASKROKET',1.6,100.0,4,2,3,0,'KAAS KROKET');
INSERT INTO "product" VALUES(311,'GARNAAL KROKET',2.7,100.0,4,2,3,0,'GARNAAL KROKET');
INSERT INTO "product" VALUES(312,'STOOFVLEES SAUS',1.4,100.0,3,2,3,0,'STOOFVL. SAUS');
INSERT INTO "product" VALUES(313,'TOMATEN SAUS',1.4,100.0,3,2,1,0,'TOMATEN SAUS');
INSERT INTO "product" VALUES(314,'VOL-AU-VENT SAUS',1.4,100.0,3,2,3,0,'VOL AU VENT SAUS');
INSERT INTO "product" VALUES(315,'GOULASH SAUS',1.4,100.0,3,2,3,0,'GOULASH SAUS');
INSERT INTO "product" VALUES(316,'SPAGHETTI SAUS',1.4,100.0,3,2,3,0,'SPAGHETTI SAUS');
INSERT INTO "product" VALUES(320,'BICKY',2.6,100.0,5,2,3,0,'BICKY');
INSERT INTO "product" VALUES(321,'BICKY CHEESE',2.7,100.0,5,2,3,0,'BICKY CHEESE');
INSERT INTO "product" VALUES(322,'BICKY RIB',3.0,100.0,5,2,3,0,'BICKY RIB');
INSERT INTO "product" VALUES(323,'BICKY VEGI',2.7,100.0,5,2,3,0,'BICKY VEGI');
INSERT INTO "product" VALUES(324,'BICKY VEGI CHEESE',2.8,100.0,5,2,3,0,'BICKY VEGI CHEESE');
INSERT INTO "product" VALUES(325,'BICKY CHICKEN',3.5,100.0,5,2,3,0,'BICKY CHICKEN');
INSERT INTO "product" VALUES(326,'CHICKEN BARON',3.8,100.0,5,2,3,0,'CHICKEN BARON');
INSERT INTO "product" VALUES(327,'FISH BARON',3.8,100.0,5,2,3,0,'FISH BARON');
INSERT INTO "product" VALUES(328,'GIANT BARON',3.8,100.0,5,2,3,0,'GIANT BARON');
INSERT INTO "product" VALUES(329,'RED BARON',3.8,100.0,5,2,3,0,'RED BARON');
INSERT INTO "product" VALUES(330,'BARON PEPPER',3.8,100.0,5,2,3,0,'BARON PEPPER');
INSERT INTO "product" VALUES(331,'CHEESE BARON',3.8,100.0,5,2,3,0,'CHEESE BARON');
INSERT INTO "product" VALUES(332,'BICKY FRIET',3.0,100.0,5,2,3,0,'BICKY FRIET');
INSERT INTO "product" VALUES(333,'DIV 6%',0.0,0.0,NULL,3,3,1,'DIV 6%');
INSERT INTO "product" VALUES(334,'DIV 12%',0.0,0.0,NULL,2,2,1,'DIV 12%');
INSERT INTO "product" VALUES(335,'DIV 21%',0.0,0.0,NULL,1,1,1,'DIV 21%');
INSERT INTO "product" VALUES(337,'STOOFVLEES MENU',6.5,0.0,NULL,2,3,0,'STOOFVL. MENU');
INSERT INTO "product" VALUES(338,'SHOARMA ROL',2.7,100.0,7,2,3,0,'SHOARMA ROL');
INSERT INTO "product" VALUES(339,'HOT TWISTER',2.2,100.0,7,2,3,0,'HOT TWISTER');
INSERT INTO "product" VALUES(340,'VOL-AU-VENT KROKET',1.6,100.0,7,2,3,0,'VOL-AU-VENT KROKET');
INSERT INTO "product" VALUES(341,'SAJOERA',1.6,100.0,7,2,3,0,'SAJOERA');
INSERT INTO "product" VALUES(342,'AMUSOMIX',3.0,100.0,7,2,3,0,'AMUSOMIX');
INSERT INTO "product" VALUES(343,'Korting',0.0,100.0,NULL,2,3,2,'KORTING');
INSERT INTO "product" VALUES(344,'WATER 50cl PLAT',1.8,100.0,6,1,3,0,'WATER 50cl PLAT');
INSERT INTO "product" VALUES(345,'WATER 50cl BRUIS',1.8,100.0,6,1,3,0,'WATER 50cl BRUIS');
INSERT INTO "product" VALUES(346,'MAYONAISE',0.0,100.0,2,2,3,0,'MAYO');
INSERT INTO "product" VALUES(347,'TARTARE',0.0,100.0,2,2,3,0,'TARTARE');
INSERT INTO "product" VALUES(348,'TARTARE MAISON',0.0,100.0,2,2,3,0,'TARTARE MAISON');
INSERT INTO "product" VALUES(349,'PICKLES',0.0,100.0,2,2,3,0,'PICKLES');
INSERT INTO "product" VALUES(350,'PILI PILI',0.0,100.0,2,2,3,0,'PILI PILI');
INSERT INTO "product" VALUES(351,'CURRY',0.0,100.0,2,2,3,0,'CURRY');
INSERT INTO "product" VALUES(352,'KETCHUP',0.0,100.0,2,2,3,0,'KETCHUP');
INSERT INTO "product" VALUES(353,'CURRY KETCHUP',0.0,100.0,2,2,3,0,'CURRY KETCHUP');
INSERT INTO "product" VALUES(354,'PEPERSAUS',0.0,100.0,2,2,3,0,'PEPER SAUS');
INSERT INTO "product" VALUES(355,'SAUCE RICHE',0.0,100.0,2,2,3,0,'SAUCE RICHE');
INSERT INTO "product" VALUES(356,'MOSTERD',0.0,100.0,2,2,3,0,'MOSTERD');
INSERT INTO "product" VALUES(357,'FRITESSAUS',0.0,100.0,2,2,3,0,'FRITES SAUS');
INSERT INTO "product" VALUES(358,'ZIGEUNER/ PROV',0.0,100.0,2,2,3,0,'ZIG./ PROV.');
INSERT INTO "product" VALUES(359,'ANDALOUSE',0.0,100.0,2,2,3,0,'ANDAL.');
INSERT INTO "product" VALUES(360,'AMERICAIN MAISON (Gewoon)',0.0,100.0,2,2,3,0,'AMERIC. MAISON (Gewoon)');
INSERT INTO "product" VALUES(361,'AMERICAIN CHEF (Zoet)',0.0,100.0,2,2,3,0,'AMERIC. CHEF (Zoet)');
INSERT INTO "product" VALUES(362,'SAMURAI',0.0,100.0,2,2,3,0,'SAMURAI');
INSERT INTO "product" VALUES(363,'ARDEENSE SAUS',0.0,100.0,2,2,3,0,'ARDEENSE SAUS');
INSERT INTO "product" VALUES(364,'BEARNAISE',0.0,100.0,2,2,3,0,'BEARN.');
INSERT INTO "product" VALUES(365,'BRASIL',0.0,100.0,2,2,3,0,'BRASIL');
INSERT INTO "product" VALUES(366,'LOEMPIA SAUS',0.0,100.0,2,2,3,0,'LOEMPIA SAUS');
INSERT INTO "product" VALUES(367,'JOPPIE SAUS',0.0,100.0,2,2,3,0,'JOPPIE SAUS');
INSERT INTO "product" VALUES(368,'COCKTAIL',0.0,100.0,2,2,3,0,'COCKTAIL');
INSERT INTO "product" VALUES(369,'PITTA',0.0,100.0,2,2,3,0,'PITTA');
INSERT INTO "product" VALUES(370,'CHILADA',0.0,100.0,2,2,3,0,'CHILADA');
INSERT INTO "product" VALUES(371,'BICKY SAUS',0.0,100.0,2,2,3,0,'BICKY SAUS');
INSERT INTO "product" VALUES(372,'BIG GIANT',0.0,100.0,2,2,3,0,'BIG GIANT');
DROP TABLE IF EXISTS customer;
CREATE TABLE [customer] (
[no] integer  PRIMARY KEY AUTOINCREMENT NOT NULL,
[name] varchar(50)  NULL,
[firstName] varchar(50)  NULL,
[address] varchar(75)  NULL,
[postalCode] varchar(10)  NULL,
[city] varchar(50)  NULL,
[telephone] varchar(50)  NULL,
[birthDate] date  NULL,
[emailAddress] varchar(50)  NULL,
[loyaltyCardNo] varchar(7)  NULL,
[loyaltyPoints] integer  NULL,
[loyaltyDiscount] real  NULL,
[loyaltyDiscountDate] date  NULL,
[dateRegistered] DATE  NULL
);
INSERT INTO "customer" VALUES(4,'Dennis','Decoene','Poperingseweg 213','8900','Ieper','0477/250.142','1974-07-04','dennis.decoene@gmail.com','KK00001',16,0.0,'1900-01-01','2011-07-04');
INSERT INTO "customer" VALUES(10,'','','testje!!!','','','','1900-01-01','','KK00016',3,0.0,'1900-01-01','2011-07-04');
INSERT INTO "customer" VALUES(11,'','','','','','','1900-01-01','','KK00002',3,0.0,'1900-01-01','2011-07-04');
INSERT INTO "customer" VALUES(22,'Nackom','Marie-Claire','Dr. Jan Appelmanslaan 80/2','1700','Dilbeek','0479682836','1948-10-09','marie-claire.nackom@telenet.be','KK00156',20,0.0,'2011-07-16','1900-01-01');
INSERT INTO "customer" VALUES(23,'Claes- Van Schoors','Eddy','Kalveriestraat 2','9500','Geraardsbergen','','1900-01-01','moekehilde@msn.com','KK00158',20,0.0,'2011-07-16','1900-01-01');
INSERT INTO "customer" VALUES(24,'','','','','','','1900-01-01','','KK00104',23,0.0,'2011-07-16','1900-01-01');
INSERT INTO "customer" VALUES(25,'','','','','','','1900-01-01','','KK00031',20,0.0,'2011-07-16','1900-01-01');
INSERT INTO "customer" VALUES(26,'Demesmaeker','Patrick','Ninoofsesteenweg 3b2','1700','Dilbeek','0498272349','1969-08-02','demesmaeker.nerinckx@scarlet.be','KK00032',20,0.0,'2011-07-16','1900-01-01');
INSERT INTO "customer" VALUES(27,'','','','','','','1900-01-01','','KK00034',20,0.0,'1900-01-01','1900-01-01');
INSERT INTO "customer" VALUES(28,'Goudmaeker','Eddy','De Rudderstraat 5','1080','Brussel','0479766984','1961-12-08','eddy.goudmaeker@skynet.be','KK00033',20,0.0,'2011-07-16','1900-01-01');
INSERT INTO "customer" VALUES(29,'De Gieter ','Jolle','Kuiperweg 3','1703','Schepdaal','0477946094','1975-04-02','jolle.de.gieter@telenet.be','KK00035',20,0.0,'2011-07-16','1900-01-01');
INSERT INTO "customer" VALUES(30,'Coppitters','Bart','Levoldlaan 12','1700','Dilbeek','0472955935','1974-07-10','','KK00155',20,0.0,'1900-01-01','1900-01-01');
INSERT INTO "customer" VALUES(31,'Kiekens','Anne','Ninoofsesteenweg 396','1700','Dilbeek','0475211185','1961-09-30','','KK00154',0,0.0,'1900-01-01','1900-01-01');
INSERT INTO "customer" VALUES(32,'Wils','Erwin','Herdebeekstraat 111','1701','Dilbeek','','1900-01-01','micptl@gmail.com','KK00153',0,0.0,'1900-01-01','1900-01-01');
INSERT INTO "customer" VALUES(33,'Bossuyt','Sofie','Ninoofsesteenweg 83','1700','Dilbeek','025693286','1982-08-12','frankbossuyt@telenet.be','KK00147',20,0.0,'2011-07-16','1900-01-01');
INSERT INTO "customer" VALUES(34,'Lynen','Christien','Baron R De Vironlaan 35','1700','Dilbeek','024661425','1961-12-31','ronny.beyl@skynet.be','KK00151',0,0.0,'1900-01-01','1900-01-01');
INSERT INTO "customer" VALUES(35,'Brack','Kevin','Kothemstraat 67','1700','Dilbeek','0475733328','1990-09-14','kevinbrack@hotmail.com','KK00149',0,0.0,'1900-01-01','1900-01-01');
INSERT INTO "customer" VALUES(36,'Detruyer','Serge','Astridlaan 33','1700','Dilbeek','0475277790','1964-08-03','detruyer@skynet.be','KK00148',0,0.0,'1900-01-01','1900-01-01');
INSERT INTO "customer" VALUES(37,'Devriese','Veerle','Egelstraat 8','1700','Dilbeek','','1979-07-02','veerle.devriese@telenet.be','KK00145',21,0.0,'1900-01-01','1900-01-01');
INSERT INTO "customer" VALUES(38,'Seutin','Maarten','Ninoofsesteenweg 73','1700','Dilbeek','0485552699','1985-02-27','de_seutin@hotmail.com','KK00146',0,0.0,'1900-01-01','1900-01-01');
INSERT INTO "customer" VALUES(39,'','','','','','','1985-02-27','','',0,0.0,'2011-07-20','1900-01-01');
INSERT INTO "customer" VALUES(40,'Mauroy','Frank','Berchemstraat 58','1700','Dilbeek','','1970-05-06','sof-franky@hotmail.com','KK00144',0,0.0,'1900-01-01','1900-01-01');
INSERT INTO "customer" VALUES(41,'Huegaerts','Stephan','Rozenlaan 29','1700','Dilbeek','024633852','1973-06-02','solange.bertrand@gmsc.net','KK00142',0,0.0,'1900-01-01','1900-01-01');
INSERT INTO "customer" VALUES(42,'Van Dijck','Dirk','Flettestraat 12','1700','Dilbeek','','1967-05-12','dirkvandijck@hotmail.com','KK00030',0,0.0,'1900-01-01','1900-01-01');
INSERT INTO "customer" VALUES(43,'Van Der Cammen','Raymond','Bouwkunstlaan 5','1700','Dilbeek','0496214438','1937-07-27','raymond-van.der.cammen@telenet.be','KK00141',0,0.0,'1900-01-01','1900-01-01');
INSERT INTO "customer" VALUES(44,'Kint','Daniel','ninoofsesteenweg 145','1700','Dilbeek','0477554796','1965-01-04','','KK00088',0,0.0,'1900-01-01','1900-01-01');
INSERT INTO "customer" VALUES(45,'De Clerck','Franky','ninoofsesteenweg 396','1700','Dilbeek','0483050796','1966-09-16','frankydeclerck1@hotmail.com','KK00089',24,0.0,'2011-07-18','1900-01-01');
INSERT INTO "customer" VALUES(46,'Hagelstein','Erik','Dr. Jan Appelmanslaan 5','1700','Dilbeek','','1959-09-08','erha59@hotmail.com','KK00090',0,0.0,'1900-01-01','1900-01-01');
INSERT INTO "customer" VALUES(47,'Timmermans','Bart','Bouwkunstlaan 31','1700','Dilbeek','0471458434','1980-10-30','bart@velocityclub.be','KK00091',23,0.0,'2011-07-19','1900-01-01');
INSERT INTO "customer" VALUES(48,'Lanckmans','Rosa','Livinus Walravensbaan 61','1700','Dilbeek','','1945-06-17','','KK00092',0,0.0,'1900-01-01','1900-01-01');
INSERT INTO "customer" VALUES(49,'','','','','','','1987-04-05','','testddc',20,0.0,'1900-01-01','1900-01-01');
INSERT INTO "customer" VALUES(50,'','','','','','','1900-01-01','','KK00098',21,0.0,'2011-07-18','1900-01-01');
INSERT INTO "customer" VALUES(51,'','','','','','','1900-01-01','','KK00101',22,0.0,'2011-07-18','1900-01-01');
INSERT INTO "customer" VALUES(52,'','','','','','','1900-01-01','','KK00042',20,0.0,'2011-07-18','1900-01-01');
INSERT INTO "customer" VALUES(53,'','','','','','','1900-01-01','','KK00041',20,0.0,'1900-01-01','1900-01-01');
INSERT INTO "customer" VALUES(54,'','','','','','','1900-01-01','','KK00018',24,0.0,'2011-07-19','1900-01-01');
INSERT INTO "customer" VALUES(55,'','','','','','','1900-01-01','','KK00019',21,0.0,'2011-07-20','1900-01-01');
INSERT INTO "customer" VALUES(56,'','','','','','','1900-01-01','','KK00028',24,0.0,'2011-07-20','1900-01-01');
INSERT INTO "customer" VALUES(57,'','','','','','','1900-01-01','','KK00021',23,0.0,'2011-07-20','1900-01-01');
INSERT INTO "customer" VALUES(58,'Devlamynck','Virginie','Henri Moeremanslaan 90','1700','Dilbeek','0472802128','1985-04-15','','KK00093',20,0.0,'1900-01-01','1900-01-01');
INSERT INTO "customer" VALUES(59,'De Nil','Gust','Heuvellaan 3','1700','Dilbeek','0478311364','1944-12-16','gust.denil@skynet.be','KK00094',20,0.0,'1900-01-01','1900-01-01');
INSERT INTO "customer" VALUES(60,'Vancampenhout','Aurlie','Dr Roger Lambrechtlaan 74','1700','Dilbeek','0476608389','1986-02-08','hebaby711@msn.com','KK00095',20,0.0,'1900-01-01','1900-01-01');
INSERT INTO "customer" VALUES(61,'','','','','','','1900-01-01','','',20,0.0,'1900-01-01','1900-01-01');
INSERT INTO "customer" VALUES(62,'Gerard','Didier','Walravenslaan 15/13','1700','Dilbeek','0475960177','1969-12-08','didier-gerard@skynet.be','KK00096',20,0.0,'1900-01-01','1900-01-01');
INSERT INTO "customer" VALUES(63,'Angeli','Julien','Baron R. de Vironlaan 131','1700','Dilbeek','0499523038','1981-04-21','mariejulien@hotmail.com','KK00097',20,0.0,'1900-01-01','1900-01-01');
DROP VIEW IF EXISTS vwItemTotals;
CREATE VIEW vwItemTotals
AS
SELECT
  count(ticketLine.productId) as qty,
  ticketLine.productId,
  product.name as productName,
  sum(ticketLine.price) as total,
  product_group.name as productGroupName,
  product_group.id as groupId
FROM
  product
  INNER JOIN ticketLine ON (product.id = ticketLine.productId)
  INNER JOIN product_group ON (product.groupId = product_group.id)
GROUP BY
  ticketLine.productId
ORDER BY
  product_group.id,
  ticketLine.productId;
